name,version,directory,repository,summary,from package.json,from license,from readme
@aashutoshrathi/word-wrap,1.2.6,/home/apostolos/Documents/Computer Science/software/StudentCompanion/node_modules/@aashutoshrathi/word-wrap,https://github.com/aashutoshrathi/word-wrap,MIT,MIT,MIT,
@ampproject/remapping,2.3.0,/home/apostolos/Documents/Computer Science/software/StudentCompanion/node_modules/@ampproject/remapping,https://github.com/ampproject/remapping,Apache;Apache-2.0,Apache-2.0,Apache,
@babel/runtime,7.24.4,/home/apostolos/Documents/Computer Science/software/StudentCompanion/node_modules/@babel/runtime,https://github.com/babel/babel,MIT,MIT,MIT,
@capacitor/android,5.7.4,/home/apostolos/Documents/Computer Science/software/StudentCompanion/node_modules/@capacitor/android,https://github.com/ionic-team/capacitor,MIT,MIT,MIT,
@capacitor/app,5.0.7,/home/apostolos/Documents/Computer Science/software/StudentCompanion/node_modules/@capacitor/app,https://github.com/ionic-team/capacitor-plugins,MIT,MIT,MIT,
@capacitor/cli,5.7.4,/home/apostolos/Documents/Computer Science/software/StudentCompanion/node_modules/@capacitor/cli,https://github.com/ionic-team/capacitor,MIT,MIT,MIT,
@capacitor/core,5.7.4,/home/apostolos/Documents/Computer Science/software/StudentCompanion/node_modules/@capacitor/core,https://github.com/ionic-team/capacitor,MIT,MIT,MIT,
@capacitor/network,5.0.7,/home/apostolos/Documents/Computer Science/software/StudentCompanion/node_modules/@capacitor/network,https://github.com/ionic-team/capacitor-plugins,MIT,MIT,MIT,
@capacitor/status-bar,5.0.7,/home/apostolos/Documents/Computer Science/software/StudentCompanion/node_modules/@capacitor/status-bar,https://github.com/ionic-team/capacitor-plugins,MIT,MIT,MIT,
@capacitor/toast,5.0.7,/home/apostolos/Documents/Computer Science/software/StudentCompanion/node_modules/@capacitor/toast,https://github.com/ionic-team/capacitor-plugins,MIT,MIT,MIT,
@capgo/capacitor-navigation-bar,6.0.12,/home/apostolos/Documents/Computer Science/software/StudentCompanion/node_modules/@capgo/capacitor-navigation-bar,https://github.com/Cap-go/capacitor-navigation-bar,MIT,MIT,MIT,
@esbuild/linux-x64,0.18.20,/home/apostolos/Documents/Computer Science/software/StudentCompanion/node_modules/@esbuild/linux-x64,https://github.com/evanw/esbuild,MIT,MIT,,
@eslint-community/eslint-utils,4.4.0,/home/apostolos/Documents/Computer Science/software/StudentCompanion/node_modules/@eslint-community/eslint-utils,https://github.com/eslint-community/eslint-utils,MIT,MIT,MIT,
@eslint-community/regexpp,4.10.0,/home/apostolos/Documents/Computer Science/software/StudentCompanion/node_modules/@eslint-community/regexpp,https://github.com/eslint-community/regexpp,MIT,MIT,MIT,
@eslint/eslintrc,2.1.4,/home/apostolos/Documents/Computer Science/software/StudentCompanion/node_modules/@eslint/eslintrc,eslint/eslintrc,MIT,MIT,,MIT
@eslint/js,8.57.0,/home/apostolos/Documents/Computer Science/software/StudentCompanion/node_modules/@eslint/js,https://github.com/eslint/eslint,MIT,MIT,,MIT
@fastify/busboy,2.1.1,/home/apostolos/Documents/Computer Science/software/StudentCompanion/node_modules/@fastify/busboy,https://github.com/fastify/busboy,MIT,MIT,,
@floating-ui/core,1.6.0,/home/apostolos/Documents/Computer Science/software/StudentCompanion/node_modules/@floating-ui/core,https://github.com/floating-ui/floating-ui,MIT,MIT,MIT,
@floating-ui/dom,1.6.3,/home/apostolos/Documents/Computer Science/software/StudentCompanion/node_modules/@floating-ui/dom,https://github.com/floating-ui/floating-ui,MIT,MIT,MIT,
@floating-ui/utils,0.2.1,/home/apostolos/Documents/Computer Science/software/StudentCompanion/node_modules/@floating-ui/utils,https://github.com/floating-ui/floating-ui,MIT,MIT,MIT,
@humanwhocodes/config-array,0.11.14,/home/apostolos/Documents/Computer Science/software/StudentCompanion/node_modules/@humanwhocodes/config-array,https://github.com/humanwhocodes/config-array,Apache;Apache-2.0,Apache-2.0,Apache,
@humanwhocodes/module-importer,1.0.1,/home/apostolos/Documents/Computer Science/software/StudentCompanion/node_modules/@humanwhocodes/module-importer,https://github.com/humanwhocodes/module-importer,Apache;Apache-2.0,Apache-2.0,Apache,
@humanwhocodes/object-schema,2.0.3,/home/apostolos/Documents/Computer Science/software/StudentCompanion/node_modules/@humanwhocodes/object-schema,https://github.com/humanwhocodes/object-schema,BSD;BSD-3-Clause,BSD-3-Clause,BSD,BSD
@ionic/cli-framework-output,2.2.8,/home/apostolos/Documents/Computer Science/software/StudentCompanion/node_modules/@ionic/cli-framework-output,https://github.com/ionic-team/ionic-cli,MIT,MIT,MIT,
@ionic/core,7.8.3,/home/apostolos/Documents/Computer Science/software/StudentCompanion/node_modules/@ionic/core,https://github.com/ionic-team/ionic-framework,MIT,MIT,MIT,
@ionic/pwa-elements,3.2.2,/home/apostolos/Documents/Computer Science/software/StudentCompanion/node_modules/@ionic/pwa-elements,https://github.com/ionic-team/ionic-pwa-elements,MIT,MIT,MIT,
@ionic/utils-array,2.1.6,/home/apostolos/Documents/Computer Science/software/StudentCompanion/node_modules/@ionic/utils-array,https://github.com/ionic-team/ionic-cli,MIT,MIT,MIT,
@ionic/utils-fs,3.1.7,/home/apostolos/Documents/Computer Science/software/StudentCompanion/node_modules/@ionic/utils-fs,https://github.com/ionic-team/ionic-cli,MIT,MIT,MIT,
@ionic/utils-object,2.1.6,/home/apostolos/Documents/Computer Science/software/StudentCompanion/node_modules/@ionic/utils-object,https://github.com/ionic-team/ionic-cli,MIT,MIT,MIT,
@ionic/utils-process,2.1.11,/home/apostolos/Documents/Computer Science/software/StudentCompanion/node_modules/@ionic/utils-process,https://github.com/ionic-team/ionic-cli,MIT,MIT,MIT,
@ionic/utils-stream,3.1.6,/home/apostolos/Documents/Computer Science/software/StudentCompanion/node_modules/@ionic/utils-stream,https://github.com/ionic-team/ionic-cli,MIT,MIT,MIT,
@ionic/utils-subprocess,2.1.14,/home/apostolos/Documents/Computer Science/software/StudentCompanion/node_modules/@ionic/utils-subprocess,https://github.com/ionic-team/ionic-cli,MIT,MIT,MIT,
@ionic/utils-terminal,2.3.4,/home/apostolos/Documents/Computer Science/software/StudentCompanion/node_modules/@ionic/utils-subprocess/node_modules/@ionic/utils-terminal,(none),MIT,MIT,MIT,
@ionic/utils-terminal,2.3.5,/home/apostolos/Documents/Computer Science/software/StudentCompanion/node_modules/@ionic/utils-terminal,https://github.com/ionic-team/ionic-cli,MIT,MIT,MIT,
@jest/schemas,29.6.3,/home/apostolos/Documents/Computer Science/software/StudentCompanion/node_modules/@jest/schemas,https://github.com/jestjs/jest,MIT,MIT,MIT,
@jridgewell/gen-mapping,0.3.5,/home/apostolos/Documents/Computer Science/software/StudentCompanion/node_modules/@jridgewell/gen-mapping,https://github.com/jridgewell/gen-mapping,MIT,MIT,,
@jridgewell/resolve-uri,3.1.2,/home/apostolos/Documents/Computer Science/software/StudentCompanion/node_modules/@jridgewell/resolve-uri,https://github.com/jridgewell/resolve-uri,MIT,MIT,,
@jridgewell/set-array,1.2.1,/home/apostolos/Documents/Computer Science/software/StudentCompanion/node_modules/@jridgewell/set-array,https://github.com/jridgewell/set-array,MIT,MIT,,
@jridgewell/sourcemap-codec,1.4.15,/home/apostolos/Documents/Computer Science/software/StudentCompanion/node_modules/@jridgewell/sourcemap-codec,https://github.com/jridgewell/sourcemap-codec,MIT,MIT,MIT,MIT
@jridgewell/trace-mapping,0.3.25,/home/apostolos/Documents/Computer Science/software/StudentCompanion/node_modules/@jridgewell/trace-mapping,https://github.com/jridgewell/trace-mapping,MIT,MIT,,
@kurkle/color,0.3.2,/home/apostolos/Documents/Computer Science/software/StudentCompanion/node_modules/@kurkle/color,https://github.com/kurkle/color,MIT,MIT,MIT,
@mapbox/geojson-rewind,0.5.2,/home/apostolos/Documents/Computer Science/software/StudentCompanion/node_modules/@mapbox/geojson-rewind,http://github.com/mapbox/geojson-rewind,ISC,ISC,,
@mapbox/jsonlint-lines-primitives,2.0.2,/home/apostolos/Documents/Computer Science/software/StudentCompanion/node_modules/@mapbox/jsonlint-lines-primitives,http://github.com/mapbox/jsonlint,Unknown,,,
@mapbox/point-geometry,0.1.0,/home/apostolos/Documents/Computer Science/software/StudentCompanion/node_modules/@mapbox/point-geometry,git@github.com:mapbox/point-geometry,ISC,ISC,,
@mapbox/tiny-sdf,2.0.6,/home/apostolos/Documents/Computer Science/software/StudentCompanion/node_modules/@mapbox/tiny-sdf,https://github.com/mapbox/tiny-sdf,BSD-2-Clause,BSD-2-Clause,,
@mapbox/unitbezier,0.0.1,/home/apostolos/Documents/Computer Science/software/StudentCompanion/node_modules/@mapbox/unitbezier,git@github.com:mapbox/unitbezier,BSD-2-Clause,BSD-2-Clause,,
@mapbox/vector-tile,1.3.1,/home/apostolos/Documents/Computer Science/software/StudentCompanion/node_modules/@mapbox/vector-tile,https://github.com/mapbox/vector-tile-js,BSD-3-Clause,BSD-3-Clause,,
@mapbox/whoots-js,3.1.0,/home/apostolos/Documents/Computer Science/software/StudentCompanion/node_modules/@mapbox/whoots-js,mapbox/whoots-js,ISC,ISC,ISC,
@maplibre/maplibre-gl-style-spec,20.1.1,/home/apostolos/Documents/Computer Science/software/StudentCompanion/node_modules/@maplibre/maplibre-gl-style-spec,git@github.com:maplibre/maplibre-gl-style-spec,ISC,ISC,,
@nodelib/fs.scandir,2.1.5,/home/apostolos/Documents/Computer Science/software/StudentCompanion/node_modules/@nodelib/fs.scandir,https://github.com/nodelib/nodelib/tree/master/packages/fs/fs.scandir,MIT,MIT,MIT,MIT
@nodelib/fs.stat,2.0.5,/home/apostolos/Documents/Computer Science/software/StudentCompanion/node_modules/@nodelib/fs.stat,https://github.com/nodelib/nodelib/tree/master/packages/fs/fs.stat,MIT,MIT,MIT,MIT
@nodelib/fs.walk,1.2.8,/home/apostolos/Documents/Computer Science/software/StudentCompanion/node_modules/@nodelib/fs.walk,https://github.com/nodelib/nodelib/tree/master/packages/fs/fs.walk,MIT,MIT,MIT,MIT
@playwright/test,1.43.0,/home/apostolos/Documents/Computer Science/software/StudentCompanion/node_modules/@playwright/test,https://github.com/microsoft/playwright,Apache;Apache-2.0,Apache-2.0,Apache,
@polka/url,1.0.0-next.25,/home/apostolos/Documents/Computer Science/software/StudentCompanion/node_modules/@polka/url,lukeed/polka,MIT,MIT,,MIT
@popperjs/core,2.11.8,/home/apostolos/Documents/Computer Science/software/StudentCompanion/node_modules/@popperjs/core,github:popperjs/popper-core,MIT,MIT,MIT,MIT
@rollup/plugin-inject,5.0.5,/home/apostolos/Documents/Computer Science/software/StudentCompanion/node_modules/@rollup/plugin-inject,rollup/plugins,MIT,MIT,,
@rollup/pluginutils,5.1.0,/home/apostolos/Documents/Computer Science/software/StudentCompanion/node_modules/@rollup/pluginutils,rollup/plugins,MIT,MIT,MIT,
@sinclair/typebox,0.27.8,/home/apostolos/Documents/Computer Science/software/StudentCompanion/node_modules/@sinclair/typebox,https://github.com/sinclairzx81/typebox,MIT,MIT,MIT,MIT
@stencil/core,4.14.1,/home/apostolos/Documents/Computer Science/software/StudentCompanion/node_modules/@stencil/core,https://github.com/ionic-team/stencil,MIT,MIT,MIT,MIT
@sveltejs/adapter-auto,2.1.1,/home/apostolos/Documents/Computer Science/software/StudentCompanion/node_modules/@sveltejs/adapter-auto,https://github.com/sveltejs/kit,MIT,MIT,,
@sveltejs/adapter-static,2.0.3,/home/apostolos/Documents/Computer Science/software/StudentCompanion/node_modules/@sveltejs/adapter-static,https://github.com/sveltejs/kit,MIT,MIT,,
@sveltejs/kit,1.30.4,/home/apostolos/Documents/Computer Science/software/StudentCompanion/node_modules/@sveltejs/kit,https://github.com/sveltejs/kit,MIT,MIT,,
@sveltejs/vite-plugin-svelte,2.5.3,/home/apostolos/Documents/Computer Science/software/StudentCompanion/node_modules/@sveltejs/vite-plugin-svelte,https://github.com/sveltejs/vite-plugin-svelte,MIT,MIT,MIT,
@sveltejs/vite-plugin-svelte-inspector,1.0.4,/home/apostolos/Documents/Computer Science/software/StudentCompanion/node_modules/@sveltejs/vite-plugin-svelte-inspector,https://github.com/sveltejs/vite-plugin-svelte,MIT,MIT,MIT,
@types/chai,4.3.14,/home/apostolos/Documents/Computer Science/software/StudentCompanion/node_modules/@types/chai,https://github.com/DefinitelyTyped/DefinitelyTyped,MIT,MIT,MIT,
@types/chai-subset,1.3.5,/home/apostolos/Documents/Computer Science/software/StudentCompanion/node_modules/@types/chai-subset,https://github.com/DefinitelyTyped/DefinitelyTyped,MIT,MIT,MIT,
@types/cookie,0.5.4,/home/apostolos/Documents/Computer Science/software/StudentCompanion/node_modules/@types/cookie,https://github.com/DefinitelyTyped/DefinitelyTyped,MIT,MIT,MIT,
@types/estree,1.0.5,/home/apostolos/Documents/Computer Science/software/StudentCompanion/node_modules/@types/estree,https://github.com/DefinitelyTyped/DefinitelyTyped,MIT,MIT,MIT,
@types/fs-extra,8.1.5,/home/apostolos/Documents/Computer Science/software/StudentCompanion/node_modules/@types/fs-extra,https://github.com/DefinitelyTyped/DefinitelyTyped,MIT,MIT,MIT,
@types/geojson,7946.0.14,/home/apostolos/Documents/Computer Science/software/StudentCompanion/node_modules/@types/geojson,https://github.com/DefinitelyTyped/DefinitelyTyped,MIT,MIT,MIT,
@types/geojson-vt,3.2.5,/home/apostolos/Documents/Computer Science/software/StudentCompanion/node_modules/@types/geojson-vt,https://github.com/DefinitelyTyped/DefinitelyTyped,MIT,MIT,MIT,
@types/leaflet,1.9.9,/home/apostolos/Documents/Computer Science/software/StudentCompanion/node_modules/@types/leaflet,https://github.com/DefinitelyTyped/DefinitelyTyped,MIT,MIT,MIT,
@types/mapbox__point-geometry,0.1.4,/home/apostolos/Documents/Computer Science/software/StudentCompanion/node_modules/@types/mapbox__point-geometry,https://github.com/DefinitelyTyped/DefinitelyTyped,MIT,MIT,MIT,
@types/mapbox__vector-tile,1.3.4,/home/apostolos/Documents/Computer Science/software/StudentCompanion/node_modules/@types/mapbox__vector-tile,https://github.com/DefinitelyTyped/DefinitelyTyped,MIT,MIT,MIT,
@types/node,20.12.4,/home/apostolos/Documents/Computer Science/software/StudentCompanion/node_modules/@types/node,https://github.com/DefinitelyTyped/DefinitelyTyped,MIT,MIT,MIT,
@types/pbf,3.0.5,/home/apostolos/Documents/Computer Science/software/StudentCompanion/node_modules/@types/pbf,https://github.com/DefinitelyTyped/DefinitelyTyped,MIT,MIT,MIT,
@types/pug,2.0.10,/home/apostolos/Documents/Computer Science/software/StudentCompanion/node_modules/@types/pug,https://github.com/DefinitelyTyped/DefinitelyTyped,MIT,MIT,MIT,
@types/slice-ansi,4.0.0,/home/apostolos/Documents/Computer Science/software/StudentCompanion/node_modules/@types/slice-ansi,https://github.com/DefinitelyTyped/DefinitelyTyped,MIT,MIT,MIT,
@types/supercluster,7.1.3,/home/apostolos/Documents/Computer Science/software/StudentCompanion/node_modules/@types/supercluster,https://github.com/DefinitelyTyped/DefinitelyTyped,MIT,MIT,MIT,
@ungap/structured-clone,1.2.0,/home/apostolos/Documents/Computer Science/software/StudentCompanion/node_modules/@ungap/structured-clone,https://github.com/ungap/structured-clone,ISC,ISC,ISC,
@vitest/expect,0.32.4,/home/apostolos/Documents/Computer Science/software/StudentCompanion/node_modules/@vitest/expect,https://github.com/vitest-dev/vitest,MIT,MIT,MIT,
@vitest/runner,0.32.4,/home/apostolos/Documents/Computer Science/software/StudentCompanion/node_modules/@vitest/runner,https://github.com/vitest-dev/vitest,MIT,MIT,MIT,
@vitest/snapshot,0.32.4,/home/apostolos/Documents/Computer Science/software/StudentCompanion/node_modules/@vitest/snapshot,https://github.com/vitest-dev/vitest,MIT,MIT,MIT,
@vitest/spy,0.32.4,/home/apostolos/Documents/Computer Science/software/StudentCompanion/node_modules/@vitest/spy,https://github.com/vitest-dev/vitest,MIT,MIT,MIT,
@vitest/utils,0.32.4,/home/apostolos/Documents/Computer Science/software/StudentCompanion/node_modules/@vitest/utils,https://github.com/vitest-dev/vitest,MIT,MIT,MIT,
@xmldom/xmldom,0.8.10,/home/apostolos/Documents/Computer Science/software/StudentCompanion/node_modules/@xmldom/xmldom,http://github.com/xmldom/xmldom,MIT,MIT,,
@yr/monotone-cubic-spline,1.0.3,/home/apostolos/Documents/Computer Science/software/StudentCompanion/node_modules/@yr/monotone-cubic-spline,https://github.com/YR/monotone-cubic-spline,MIT,MIT,MIT,
acorn,8.11.3,/home/apostolos/Documents/Computer Science/software/StudentCompanion/node_modules/acorn,https://github.com/acornjs/acorn,MIT,MIT,MIT,
acorn-jsx,5.3.2,/home/apostolos/Documents/Computer Science/software/StudentCompanion/node_modules/acorn-jsx,https://github.com/acornjs/acorn-jsx,MIT,MIT,,
acorn-walk,8.3.2,/home/apostolos/Documents/Computer Science/software/StudentCompanion/node_modules/acorn-walk,https://github.com/acornjs/acorn,MIT,MIT,MIT,
agent-base,7.1.1,/home/apostolos/Documents/Computer Science/software/StudentCompanion/node_modules/agent-base,https://github.com/TooTallNate/proxy-agents,MIT,MIT,MIT,
ajv,6.12.6,/home/apostolos/Documents/Computer Science/software/StudentCompanion/node_modules/ajv,https://github.com/ajv-validator/ajv,MIT,MIT,MIT,
ansi-regex,5.0.1,/home/apostolos/Documents/Computer Science/software/StudentCompanion/node_modules/ansi-regex,chalk/ansi-regex,MIT,MIT,MIT,
ansi-styles,4.3.0,/home/apostolos/Documents/Computer Science/software/StudentCompanion/node_modules/ansi-styles,chalk/ansi-styles,MIT,MIT,MIT,
ansi-styles,5.2.0,/home/apostolos/Documents/Computer Science/software/StudentCompanion/node_modules/pretty-format/node_modules/ansi-styles,(none),MIT,MIT,MIT,
anymatch,3.1.3,/home/apostolos/Documents/Computer Science/software/StudentCompanion/node_modules/anymatch,https://github.com/micromatch/anymatch,ISC,ISC,ISC,
apexcharts,3.48.0,/home/apostolos/Documents/Computer Science/software/StudentCompanion/node_modules/apexcharts,https://github.com/apexcharts/apexcharts.js,MIT,MIT,MIT,MIT
argparse,2.0.1,/home/apostolos/Documents/Computer Science/software/StudentCompanion/node_modules/argparse,nodeca/argparse,GPL;Python-2.0,Python-2.0,GPL,
aria-query,5.3.0,/home/apostolos/Documents/Computer Science/software/StudentCompanion/node_modules/aria-query,https://github.com/A11yance/aria-query,Apache;Apache-2.0,Apache-2.0,Apache,
arr-union,3.1.0,/home/apostolos/Documents/Computer Science/software/StudentCompanion/node_modules/arr-union,jonschlinkert/arr-union,MIT,MIT,MIT,
asn1.js,4.10.1,/home/apostolos/Documents/Computer Science/software/StudentCompanion/node_modules/asn1.js,git@github.com:indutny/asn1.js,MIT,MIT,,MIT
assert,2.1.0,/home/apostolos/Documents/Computer Science/software/StudentCompanion/node_modules/assert,browserify/commonjs-assert,MIT,MIT,,MIT
assertion-error,1.1.0,/home/apostolos/Documents/Computer Science/software/StudentCompanion/node_modules/assertion-error,git@github.com:chaijs/assertion-error,MIT,MIT,,MIT
assign-symbols,1.0.0,/home/apostolos/Documents/Computer Science/software/StudentCompanion/node_modules/assign-symbols,jonschlinkert/assign-symbols,MIT,MIT,MIT,MIT
astral-regex,2.0.0,/home/apostolos/Documents/Computer Science/software/StudentCompanion/node_modules/astral-regex,kevva/astral-regex,MIT,MIT,MIT,MIT
asynckit,0.4.0,/home/apostolos/Documents/Computer Science/software/StudentCompanion/node_modules/asynckit,https://github.com/alexindigo/asynckit,MIT,MIT,MIT,MIT
at-least-node,1.0.0,/home/apostolos/Documents/Computer Science/software/StudentCompanion/node_modules/at-least-node,https://github.com/RyanZim/at-least-node,ISC,ISC,ISC,
available-typed-arrays,1.0.7,/home/apostolos/Documents/Computer Science/software/StudentCompanion/node_modules/available-typed-arrays,https://github.com/inspect-js/available-typed-arrays,MIT,MIT,MIT,
axios,1.6.8,/home/apostolos/Documents/Computer Science/software/StudentCompanion/node_modules/axios,https://github.com/axios/axios,MIT,MIT,,
axios-cookiejar-support,4.0.7,/home/apostolos/Documents/Computer Science/software/StudentCompanion/node_modules/axios-cookiejar-support,https://github.com/3846masa/axios-cookiejar-support,MIT,MIT,MIT,
axobject-query,4.0.0,/home/apostolos/Documents/Computer Science/software/StudentCompanion/node_modules/axobject-query,https://github.com/A11yance/axobject-query,Apache;Apache-2.0,Apache-2.0,Apache,
balanced-match,1.0.2,/home/apostolos/Documents/Computer Science/software/StudentCompanion/node_modules/balanced-match,http://github.com/juliangruber/balanced-match,MIT,MIT,MIT,MIT
base64-js,1.5.1,/home/apostolos/Documents/Computer Science/software/StudentCompanion/node_modules/base64-js,http://github.com/beatgammit/base64-js,MIT,MIT,MIT,MIT
base64url,3.0.1,/home/apostolos/Documents/Computer Science/software/StudentCompanion/node_modules/base64url,http://github.com/brianloveswords/base64url,MIT,MIT,,MIT
big-integer,1.6.52,/home/apostolos/Documents/Computer Science/software/StudentCompanion/node_modules/big-integer,git@github.com:peterolson/BigInteger.js,Unlicense,Unlicense,,
binary-extensions,2.3.0,/home/apostolos/Documents/Computer Science/software/StudentCompanion/node_modules/binary-extensions,sindresorhus/binary-extensions,MIT,MIT,MIT,
bn.js,4.12.0,/home/apostolos/Documents/Computer Science/software/StudentCompanion/node_modules/create-ecdh/node_modules/bn.js,(none),MIT,MIT,,MIT
bn.js,5.2.1,/home/apostolos/Documents/Computer Science/software/StudentCompanion/node_modules/bn.js,git@github.com:indutny/bn.js,MIT,MIT,,MIT
boolbase,1.0.0,/home/apostolos/Documents/Computer Science/software/StudentCompanion/node_modules/boolbase,https://github.com/fb55/boolbase,ISC,ISC,,
bplist-parser,0.3.2,/home/apostolos/Documents/Computer Science/software/StudentCompanion/node_modules/bplist-parser,https://github.com/nearinfinity/node-bplist-parser,MIT,MIT,,MIT
brace-expansion,1.1.11,/home/apostolos/Documents/Computer Science/software/StudentCompanion/node_modules/brace-expansion,http://github.com/juliangruber/brace-expansion,MIT,MIT,MIT,MIT
brace-expansion,2.0.1,/home/apostolos/Documents/Computer Science/software/StudentCompanion/node_modules/glob/node_modules/brace-expansion,(none),MIT,MIT,MIT,MIT
braces,3.0.2,/home/apostolos/Documents/Computer Science/software/StudentCompanion/node_modules/braces,micromatch/braces,MIT,MIT,MIT,
brorand,1.1.0,/home/apostolos/Documents/Computer Science/software/StudentCompanion/node_modules/brorand,git@github.com:indutny/brorand,MIT,MIT,,MIT
browser-resolve,2.0.0,/home/apostolos/Documents/Computer Science/software/StudentCompanion/node_modules/browser-resolve,http://github.com/browserify/browser-resolve,MIT,MIT,MIT,MIT
browserify-aes,1.2.0,/home/apostolos/Documents/Computer Science/software/StudentCompanion/node_modules/browserify-aes,http://github.com/crypto-browserify/browserify-aes,MIT,MIT,MIT,
browserify-cipher,1.0.1,/home/apostolos/Documents/Computer Science/software/StudentCompanion/node_modules/browserify-cipher,git@github.com:crypto-browserify/browserify-cipher,MIT,MIT,MIT,
browserify-des,1.0.2,/home/apostolos/Documents/Computer Science/software/StudentCompanion/node_modules/browserify-des,https://github.com/crypto-browserify/browserify-des,MIT,MIT,MIT,
browserify-rsa,4.1.0,/home/apostolos/Documents/Computer Science/software/StudentCompanion/node_modules/browserify-rsa,https://github.com:crypto-browserify/browserify-rsa,MIT,MIT,MIT,MIT
browserify-sign,4.2.3,/home/apostolos/Documents/Computer Science/software/StudentCompanion/node_modules/browserify-sign,https://github.com/crypto-browserify/browserify-sign,ISC,ISC,,ISC
browserify-zlib,0.2.0,/home/apostolos/Documents/Computer Science/software/StudentCompanion/node_modules/browserify-zlib,https://github.com/devongovett/browserify-zlib,MIT,MIT,MIT,MIT
buffer,5.7.1,/home/apostolos/Documents/Computer Science/software/StudentCompanion/node_modules/node-stdlib-browser/node_modules/buffer,(none),MIT,MIT,MIT,
buffer,6.0.3,/home/apostolos/Documents/Computer Science/software/StudentCompanion/node_modules/buffer-polyfill,http://github.com/feross/buffer,MIT,MIT,MIT,
buffer-crc32,0.2.13,/home/apostolos/Documents/Computer Science/software/StudentCompanion/node_modules/buffer-crc32,http://github.com/brianloveswords/buffer-crc32,MIT,MIT,MIT,
buffer-xor,1.0.3,/home/apostolos/Documents/Computer Science/software/StudentCompanion/node_modules/buffer-xor,https://github.com/crypto-browserify/buffer-xor,MIT,MIT,MIT,
builtin-status-codes,3.0.0,/home/apostolos/Documents/Computer Science/software/StudentCompanion/node_modules/builtin-status-codes,bendrucker/builtin-status-codes,MIT,MIT,MIT,MIT
bytewise,1.1.0,/home/apostolos/Documents/Computer Science/software/StudentCompanion/node_modules/bytewise,https://github.com/deanlandolt/bytewise,MIT,MIT,,
bytewise-core,1.2.3,/home/apostolos/Documents/Computer Science/software/StudentCompanion/node_modules/bytewise-core,https://github.com/deanlandolt/bytewise-core,MIT,MIT,MIT,
cac,6.7.14,/home/apostolos/Documents/Computer Science/software/StudentCompanion/node_modules/cac,egoist/cac,MIT,MIT,MIT,
call-bind,1.0.7,/home/apostolos/Documents/Computer Science/software/StudentCompanion/node_modules/call-bind,https://github.com/ljharb/call-bind,MIT,MIT,MIT,
callsites,3.1.0,/home/apostolos/Documents/Computer Science/software/StudentCompanion/node_modules/callsites,sindresorhus/callsites,MIT,MIT,MIT,MIT
camelcase,5.3.1,/home/apostolos/Documents/Computer Science/software/StudentCompanion/node_modules/camelcase,sindresorhus/camelcase,MIT,MIT,MIT,MIT
capacitor-nodejs,1.0.0-beta.6,/home/apostolos/Documents/Computer Science/software/StudentCompanion/node_modules/capacitor-nodejs,https://github.com/hampoelz/Capacitor-NodeJS,MIT,MIT,MIT,
chai,4.4.1,/home/apostolos/Documents/Computer Science/software/StudentCompanion/node_modules/chai,https://github.com/chaijs/chai,MIT,MIT,MIT,
chalk,4.1.2,/home/apostolos/Documents/Computer Science/software/StudentCompanion/node_modules/chalk,chalk/chalk,MIT,MIT,MIT,
chart.js,4.4.2,/home/apostolos/Documents/Computer Science/software/StudentCompanion/node_modules/chart.js,https://github.com/chartjs/Chart.js,MIT,MIT,MIT,
check-error,1.0.3,/home/apostolos/Documents/Computer Science/software/StudentCompanion/node_modules/check-error,ssh://git@github.com/chaijs/check-error,MIT,MIT,,
cheerio,1.0.0-rc.12,/home/apostolos/Documents/Computer Science/software/StudentCompanion/node_modules/cheerio,http://github.com/cheeriojs/cheerio,MIT,MIT,MIT,MIT
cheerio-select,2.1.0,/home/apostolos/Documents/Computer Science/software/StudentCompanion/node_modules/cheerio-select,http://github.com/cheeriojs/cheerio-select,BSD-2-Clause,BSD-2-Clause,,
chokidar,3.6.0,/home/apostolos/Documents/Computer Science/software/StudentCompanion/node_modules/chokidar,https://github.com/paulmillr/chokidar,MIT,MIT,MIT,MIT
chownr,2.0.0,/home/apostolos/Documents/Computer Science/software/StudentCompanion/node_modules/chownr,http://github.com/isaacs/chownr,ISC,ISC,ISC,
cipher-base,1.0.4,/home/apostolos/Documents/Computer Science/software/StudentCompanion/node_modules/cipher-base,https://github.com/crypto-browserify/cipher-base,MIT,MIT,MIT,
cliui,6.0.0,/home/apostolos/Documents/Computer Science/software/StudentCompanion/node_modules/cliui,http://github.com/yargs/cliui,ISC,ISC,,
code-red,1.0.4,/home/apostolos/Documents/Computer Science/software/StudentCompanion/node_modules/code-red,Rich-Harris/code-red,MIT,MIT,,
color-convert,2.0.1,/home/apostolos/Documents/Computer Science/software/StudentCompanion/node_modules/color-convert,Qix-/color-convert,MIT,MIT,,
color-name,1.1.4,/home/apostolos/Documents/Computer Science/software/StudentCompanion/node_modules/color-name,git@github.com:colorjs/color-name,MIT,MIT,MIT,
combined-stream,1.0.8,/home/apostolos/Documents/Computer Science/software/StudentCompanion/node_modules/combined-stream,http://github.com/felixge/node-combined-stream,MIT,MIT,,MIT
commander,9.5.0,/home/apostolos/Documents/Computer Science/software/StudentCompanion/node_modules/commander,https://github.com/tj/commander.js,MIT,MIT,MIT,
concat-map,0.0.1,/home/apostolos/Documents/Computer Science/software/StudentCompanion/node_modules/concat-map,http://github.com/substack/node-concat-map,MIT,MIT,MIT,MIT
console-browserify,1.2.0,/home/apostolos/Documents/Computer Science/software/StudentCompanion/node_modules/console-browserify,http://github.com/browserify/console-browserify,MIT,MIT,,
constants-browserify,1.0.0,/home/apostolos/Documents/Computer Science/software/StudentCompanion/node_modules/constants-browserify,http://github.com/juliangruber/constants-browserify,MIT,MIT,,
cookie,0.5.0,/home/apostolos/Documents/Computer Science/software/StudentCompanion/node_modules/cookie,jshttp/cookie,MIT,MIT,MIT,
core-util-is,1.0.3,/home/apostolos/Documents/Computer Science/software/StudentCompanion/node_modules/core-util-is,http://github.com/isaacs/core-util-is,MIT,MIT,,
create-ecdh,4.0.4,/home/apostolos/Documents/Computer Science/software/StudentCompanion/node_modules/create-ecdh,https://github.com/crypto-browserify/createECDH,MIT,MIT,MIT,
create-hash,1.2.0,/home/apostolos/Documents/Computer Science/software/StudentCompanion/node_modules/create-hash,git@github.com:crypto-browserify/createHash,MIT,MIT,MIT,
create-hmac,1.1.7,/home/apostolos/Documents/Computer Science/software/StudentCompanion/node_modules/create-hmac,https://github.com/crypto-browserify/createHmac,MIT,MIT,MIT,
create-require,1.1.1,/home/apostolos/Documents/Computer Science/software/StudentCompanion/node_modules/create-require,nuxt-contrib/create-require,MIT,MIT,MIT,
cross-fetch,4.0.0,/home/apostolos/Documents/Computer Science/software/StudentCompanion/node_modules/cross-fetch,https://github.com/lquixada/cross-fetch,MIT,MIT,MIT,
cross-spawn,7.0.3,/home/apostolos/Documents/Computer Science/software/StudentCompanion/node_modules/cross-spawn,git@github.com:moxystudio/node-cross-spawn,MIT,MIT,MIT,
crypto-browserify,3.12.0,/home/apostolos/Documents/Computer Science/software/StudentCompanion/node_modules/crypto-browserify,http://github.com/crypto-browserify/crypto-browserify,MIT,MIT,MIT,MIT
css-select,5.1.0,/home/apostolos/Documents/Computer Science/software/StudentCompanion/node_modules/css-select,http://github.com/fb55/css-select,BSD-2-Clause,BSD-2-Clause,,
css-tree,2.3.1,/home/apostolos/Documents/Computer Science/software/StudentCompanion/node_modules/css-tree,csstree/csstree,MIT,MIT,,MIT
css-what,6.1.0,/home/apostolos/Documents/Computer Science/software/StudentCompanion/node_modules/css-what,https://github.com/fb55/css-what,BSD-2-Clause,BSD-2-Clause,,
cssesc,3.0.0,/home/apostolos/Documents/Computer Science/software/StudentCompanion/node_modules/cssesc,https://github.com/mathiasbynens/cssesc,MIT,MIT,,
d3-array,3.2.4,/home/apostolos/Documents/Computer Science/software/StudentCompanion/node_modules/d3-array,https://github.com/d3/d3-array,ISC,ISC,,
d3-geo,3.1.1,/home/apostolos/Documents/Computer Science/software/StudentCompanion/node_modules/d3-geo,https://github.com/d3/d3-geo,ISC,ISC,,
data-uri-to-buffer,4.0.1,/home/apostolos/Documents/Computer Science/software/StudentCompanion/node_modules/data-uri-to-buffer,http://github.com/TooTallNate/node-data-uri-to-buffer,MIT,MIT,,MIT
debug,4.3.4,/home/apostolos/Documents/Computer Science/software/StudentCompanion/node_modules/debug,http://github.com/debug-js/debug,MIT,MIT,MIT,MIT
decamelize,1.2.0,/home/apostolos/Documents/Computer Science/software/StudentCompanion/node_modules/decamelize,sindresorhus/decamelize,MIT,MIT,MIT,MIT
deep-eql,4.1.3,/home/apostolos/Documents/Computer Science/software/StudentCompanion/node_modules/deep-eql,git@github.com:chaijs/deep-eql,MIT,MIT,,
deep-is,0.1.4,/home/apostolos/Documents/Computer Science/software/StudentCompanion/node_modules/deep-is,http://github.com/thlorenz/deep-is,MIT,MIT,MIT,MIT
deepmerge,4.3.1,/home/apostolos/Documents/Computer Science/software/StudentCompanion/node_modules/deepmerge,http://github.com/TehShrike/deepmerge,MIT,MIT,MIT,MIT
define-data-property,1.1.4,/home/apostolos/Documents/Computer Science/software/StudentCompanion/node_modules/define-data-property,https://github.com/ljharb/define-data-property,MIT,MIT,MIT,
define-lazy-prop,2.0.0,/home/apostolos/Documents/Computer Science/software/StudentCompanion/node_modules/define-lazy-prop,sindresorhus/define-lazy-prop,MIT,MIT,MIT,MIT
define-properties,1.2.1,/home/apostolos/Documents/Computer Science/software/StudentCompanion/node_modules/define-properties,http://github.com/ljharb/define-properties,MIT,MIT,MIT,
delayed-stream,1.0.0,/home/apostolos/Documents/Computer Science/software/StudentCompanion/node_modules/delayed-stream,http://github.com/felixge/node-delayed-stream,MIT,MIT,,MIT
dequal,2.0.3,/home/apostolos/Documents/Computer Science/software/StudentCompanion/node_modules/dequal,lukeed/dequal,MIT,MIT,MIT,MIT
des.js,1.1.0,/home/apostolos/Documents/Computer Science/software/StudentCompanion/node_modules/des.js,ssh://git@github.com/indutny/des.js,MIT,MIT,,MIT
detect-indent,6.1.0,/home/apostolos/Documents/Computer Science/software/StudentCompanion/node_modules/detect-indent,sindresorhus/detect-indent,MIT,MIT,MIT,
devalue,4.3.2,/home/apostolos/Documents/Computer Science/software/StudentCompanion/node_modules/devalue,Rich-Harris/devalue,MIT,MIT,,
diff-sequences,29.6.3,/home/apostolos/Documents/Computer Science/software/StudentCompanion/node_modules/diff-sequences,https://github.com/jestjs/jest,MIT,MIT,MIT,
diffie-hellman,5.0.3,/home/apostolos/Documents/Computer Science/software/StudentCompanion/node_modules/diffie-hellman,https://github.com/crypto-browserify/diffie-hellman,MIT,MIT,,
dijkstrajs,1.0.3,/home/apostolos/Documents/Computer Science/software/StudentCompanion/node_modules/dijkstrajs,http://github.com/tcort/dijkstrajs,MIT,MIT,MIT,
doctrine,3.0.0,/home/apostolos/Documents/Computer Science/software/StudentCompanion/node_modules/doctrine,eslint/doctrine,Apache;Apache-2.0,Apache-2.0,Apache,Apache
dom-serializer,2.0.0,/home/apostolos/Documents/Computer Science/software/StudentCompanion/node_modules/dom-serializer,http://github.com/cheeriojs/dom-serializer,MIT,MIT,MIT,MIT
domain-browser,4.23.0,/home/apostolos/Documents/Computer Science/software/StudentCompanion/node_modules/domain-browser,https://github.com/bevry/domain-browser,Artistic-2.0,Artistic-2.0,,
domelementtype,2.3.0,/home/apostolos/Documents/Computer Science/software/StudentCompanion/node_modules/domelementtype,http://github.com/fb55/domelementtype,BSD-2-Clause,BSD-2-Clause,,
domhandler,5.0.3,/home/apostolos/Documents/Computer Science/software/StudentCompanion/node_modules/domhandler,http://github.com/fb55/domhandler,BSD-2-Clause,BSD-2-Clause,,
domutils,3.1.0,/home/apostolos/Documents/Computer Science/software/StudentCompanion/node_modules/domutils,http://github.com/fb55/domutils,BSD-2-Clause,BSD-2-Clause,,
earcut,2.2.4,/home/apostolos/Documents/Computer Science/software/StudentCompanion/node_modules/earcut,http://github.com/mapbox/earcut,ISC,ISC,ISC,
elementtree,0.1.7,/home/apostolos/Documents/Computer Science/software/StudentCompanion/node_modules/elementtree,http://github.com/racker/node-elementtree,Apache;Apache-2.0,Apache-2.0,Apache,
elliptic,6.5.5,/home/apostolos/Documents/Computer Science/software/StudentCompanion/node_modules/elliptic,git@github.com:indutny/elliptic,MIT,MIT,,MIT
emoji-regex,8.0.0,/home/apostolos/Documents/Computer Science/software/StudentCompanion/node_modules/emoji-regex,https://github.com/mathiasbynens/emoji-regex,MIT,MIT,,
encode-utf8,1.0.3,/home/apostolos/Documents/Computer Science/software/StudentCompanion/node_modules/encode-utf8,LinusU/encode-utf8,MIT,MIT,,
entities,4.5.0,/home/apostolos/Documents/Computer Science/software/StudentCompanion/node_modules/entities,http://github.com/fb55/entities,BSD-2-Clause,BSD-2-Clause,,
env-paths,2.2.1,/home/apostolos/Documents/Computer Science/software/StudentCompanion/node_modules/env-paths,sindresorhus/env-paths,MIT,MIT,MIT,
es-define-property,1.0.0,/home/apostolos/Documents/Computer Science/software/StudentCompanion/node_modules/es-define-property,https://github.com/ljharb/es-define-property,MIT,MIT,MIT,
es-errors,1.3.0,/home/apostolos/Documents/Computer Science/software/StudentCompanion/node_modules/es-errors,https://github.com/ljharb/es-errors,MIT,MIT,MIT,
es6-promise,3.3.1,/home/apostolos/Documents/Computer Science/software/StudentCompanion/node_modules/es6-promise,http://github.com/stefanpenner/es6-promise,MIT,MIT,,
esbuild,0.18.20,/home/apostolos/Documents/Computer Science/software/StudentCompanion/node_modules/esbuild,https://github.com/evanw/esbuild,MIT,MIT,MIT,
escape-string-regexp,4.0.0,/home/apostolos/Documents/Computer Science/software/StudentCompanion/node_modules/escape-string-regexp,sindresorhus/escape-string-regexp,MIT,MIT,MIT,
eslint,8.57.0,/home/apostolos/Documents/Computer Science/software/StudentCompanion/node_modules/eslint,eslint/eslint,MIT,MIT,,
eslint-compat-utils,0.1.2,/home/apostolos/Documents/Computer Science/software/StudentCompanion/node_modules/eslint-compat-utils,https://github.com/ota-meshi/eslint-compat-utils,MIT,MIT,MIT,
eslint-config-prettier,8.10.0,/home/apostolos/Documents/Computer Science/software/StudentCompanion/node_modules/eslint-config-prettier,prettier/eslint-config-prettier,MIT,MIT,MIT,
eslint-plugin-svelte,2.35.1,/home/apostolos/Documents/Computer Science/software/StudentCompanion/node_modules/eslint-plugin-svelte,https://github.com/sveltejs/eslint-plugin-svelte,MIT,MIT,MIT,
eslint-scope,7.2.2,/home/apostolos/Documents/Computer Science/software/StudentCompanion/node_modules/eslint-scope,eslint/eslint-scope,BSD;BSD-2-Clause,BSD-2-Clause,,BSD
eslint-visitor-keys,3.4.3,/home/apostolos/Documents/Computer Science/software/StudentCompanion/node_modules/eslint-visitor-keys,eslint/eslint-visitor-keys,Apache;Apache-2.0,Apache-2.0,Apache,
esm-env,1.0.0,/home/apostolos/Documents/Computer Science/software/StudentCompanion/node_modules/esm-env,https://github.com/benmccann/esm-env,MIT,MIT,,
espree,9.6.1,/home/apostolos/Documents/Computer Science/software/StudentCompanion/node_modules/espree,eslint/espree,BSD;BSD-2-Clause,BSD-2-Clause,BSD,BSD
esquery,1.5.0,/home/apostolos/Documents/Computer Science/software/StudentCompanion/node_modules/esquery,https://github.com/estools/esquery,BSD-3-Clause,BSD-3-Clause,,
esrecurse,4.3.0,/home/apostolos/Documents/Computer Science/software/StudentCompanion/node_modules/esrecurse,https://github.com/estools/esrecurse,BSD-2-Clause,BSD-2-Clause,,
estraverse,5.3.0,/home/apostolos/Documents/Computer Science/software/StudentCompanion/node_modules/estraverse,http://github.com/estools/estraverse,BSD-2-Clause,BSD-2-Clause,,
estree-walker,2.0.2,/home/apostolos/Documents/Computer Science/software/StudentCompanion/node_modules/@rollup/plugin-inject/node_modules/estree-walker,(none),MIT,MIT,,MIT
estree-walker,3.0.3,/home/apostolos/Documents/Computer Science/software/StudentCompanion/node_modules/estree-walker,https://github.com/Rich-Harris/estree-walker,MIT,MIT,,MIT
esutils,2.0.3,/home/apostolos/Documents/Computer Science/software/StudentCompanion/node_modules/esutils,http://github.com/estools/esutils,BSD-2-Clause,BSD-2-Clause,,
events,3.3.0,/home/apostolos/Documents/Computer Science/software/StudentCompanion/node_modules/events,http://github.com/Gozala/events,MIT,MIT,MIT,
evp_bytestokey,1.0.3,/home/apostolos/Documents/Computer Science/software/StudentCompanion/node_modules/evp_bytestokey,https://github.com/crypto-browserify/EVP_BytesToKey,MIT,MIT,MIT,
extend-shallow,2.0.1,/home/apostolos/Documents/Computer Science/software/StudentCompanion/node_modules/extend-shallow,jonschlinkert/extend-shallow,MIT,MIT,MIT,MIT
extend-shallow,3.0.2,/home/apostolos/Documents/Computer Science/software/StudentCompanion/node_modules/split-string/node_modules/extend-shallow,(none),MIT,MIT,MIT,
fast-deep-equal,3.1.3,/home/apostolos/Documents/Computer Science/software/StudentCompanion/node_modules/fast-deep-equal,https://github.com/epoberezkin/fast-deep-equal,MIT,MIT,MIT,
fast-glob,3.3.2,/home/apostolos/Documents/Computer Science/software/StudentCompanion/node_modules/fast-glob,mrmlnc/fast-glob,MIT,MIT,MIT,MIT
fast-json-stable-stringify,2.1.0,/home/apostolos/Documents/Computer Science/software/StudentCompanion/node_modules/fast-json-stable-stringify,http://github.com/epoberezkin/fast-json-stable-stringify,MIT,MIT,MIT,
fast-levenshtein,2.0.6,/home/apostolos/Documents/Computer Science/software/StudentCompanion/node_modules/fast-levenshtein,https://github.com/hiddentao/fast-levenshtein,MIT,MIT,,MIT
fastq,1.17.1,/home/apostolos/Documents/Computer Science/software/StudentCompanion/node_modules/fastq,https://github.com/mcollina/fastq,ISC,ISC,,ISC
fd-slicer,1.1.0,/home/apostolos/Documents/Computer Science/software/StudentCompanion/node_modules/fd-slicer,http://github.com/andrewrk/node-fd-slicer,MIT,MIT,,
fetch-blob,3.2.0,/home/apostolos/Documents/Computer Science/software/StudentCompanion/node_modules/fetch-blob,https://github.com/node-fetch/fetch-blob,MIT,MIT,MIT,
fetch-cookie,2.2.0,/home/apostolos/Documents/Computer Science/software/StudentCompanion/node_modules/fetch-cookie,valeriangalliat/fetch-cookie,Unlicense,Unlicense,,
fflate,0.8.2,/home/apostolos/Documents/Computer Science/software/StudentCompanion/node_modules/fflate,https://github.com/101arrowz/fflate,BSD;MIT,MIT,MIT,BSD;MIT
file-entry-cache,6.0.1,/home/apostolos/Documents/Computer Science/software/StudentCompanion/node_modules/file-entry-cache,royriojas/file-entry-cache,MIT,MIT,MIT,MIT
fill-range,7.0.1,/home/apostolos/Documents/Computer Science/software/StudentCompanion/node_modules/fill-range,jonschlinkert/fill-range,MIT,MIT,MIT,
find-up,4.1.0,/home/apostolos/Documents/Computer Science/software/StudentCompanion/node_modules/yargs/node_modules/find-up,(none),MIT,MIT,MIT,
find-up,5.0.0,/home/apostolos/Documents/Computer Science/software/StudentCompanion/node_modules/find-up,sindresorhus/find-up,MIT,MIT,MIT,
flat-cache,3.2.0,/home/apostolos/Documents/Computer Science/software/StudentCompanion/node_modules/flat-cache,jaredwray/flat-cache,MIT,MIT,MIT,MIT
flatted,3.3.1,/home/apostolos/Documents/Computer Science/software/StudentCompanion/node_modules/flatted,https://github.com/WebReflection/flatted,ISC,ISC,ISC,
flowbite,2.3.0,/home/apostolos/Documents/Computer Science/software/StudentCompanion/node_modules/flowbite,https://github.com/themesberg/flowbite,MIT,MIT,MIT,
flowbite-svelte,0.44.24,/home/apostolos/Documents/Computer Science/software/StudentCompanion/node_modules/flowbite-svelte,https://github.com/themesberg/flowbite-svelte,MIT,MIT,MIT,
follow-redirects,1.15.6,/home/apostolos/Documents/Computer Science/software/StudentCompanion/node_modules/follow-redirects,git@github.com:follow-redirects/follow-redirects,MIT,MIT,,
for-each,0.3.3,/home/apostolos/Documents/Computer Science/software/StudentCompanion/node_modules/for-each,http://github.com/Raynos/for-each,MIT,MIT,MIT,MIT
form-data,4.0.0,/home/apostolos/Documents/Computer Science/software/StudentCompanion/node_modules/form-data,http://github.com/form-data/form-data,MIT,MIT,,
formdata-polyfill,4.0.10,/home/apostolos/Documents/Computer Science/software/StudentCompanion/node_modules/formdata-polyfill,https://jimmywarting@github.com/jimmywarting/FormData,MIT,MIT,MIT,
fs-extra,9.1.0,/home/apostolos/Documents/Computer Science/software/StudentCompanion/node_modules/fs-extra,https://github.com/jprichardson/node-fs-extra,MIT,MIT,MIT,MIT
fs-minipass,2.1.0,/home/apostolos/Documents/Computer Science/software/StudentCompanion/node_modules/fs-minipass,https://github.com/npm/fs-minipass,ISC,ISC,ISC,
fs.realpath,1.0.0,/home/apostolos/Documents/Computer Science/software/StudentCompanion/node_modules/fs.realpath,https://github.com/isaacs/fs.realpath,ISC;MIT,ISC,ISC;MIT,
function-bind,1.1.2,/home/apostolos/Documents/Computer Science/software/StudentCompanion/node_modules/function-bind,https://github.com/Raynos/function-bind,MIT,MIT,,MIT
fuse.js,7.0.0,/home/apostolos/Documents/Computer Science/software/StudentCompanion/node_modules/fuse.js,https://github.com/krisk/Fuse,Apache;Apache-2.0,Apache-2.0,Apache,
geojson-vt,3.2.1,/home/apostolos/Documents/Computer Science/software/StudentCompanion/node_modules/geojson-vt,http://github.com/mapbox/geojson-vt,ISC,ISC,ISC,
get-caller-file,2.0.5,/home/apostolos/Documents/Computer Science/software/StudentCompanion/node_modules/get-caller-file,https://github.com/stefanpenner/get-caller-file,ISC,ISC,ISC,
get-func-name,2.0.2,/home/apostolos/Documents/Computer Science/software/StudentCompanion/node_modules/get-func-name,ssh://git@github.com/chaijs/get-func-name,MIT,MIT,,
get-intrinsic,1.2.4,/home/apostolos/Documents/Computer Science/software/StudentCompanion/node_modules/get-intrinsic,https://github.com/ljharb/get-intrinsic,MIT,MIT,MIT,
get-stream,6.0.1,/home/apostolos/Documents/Computer Science/software/StudentCompanion/node_modules/get-stream,sindresorhus/get-stream,MIT,MIT,MIT,
get-value,2.0.6,/home/apostolos/Documents/Computer Science/software/StudentCompanion/node_modules/get-value,jonschlinkert/get-value,MIT,MIT,MIT,
gl-matrix,3.4.3,/home/apostolos/Documents/Computer Science/software/StudentCompanion/node_modules/gl-matrix,https://github.com/toji/gl-matrix,MIT,MIT,,
glob,7.2.3,/home/apostolos/Documents/Computer Science/software/StudentCompanion/node_modules/sander/node_modules/glob,(none),ISC,ISC,ISC,
glob,9.3.5,/home/apostolos/Documents/Computer Science/software/StudentCompanion/node_modules/glob,http://github.com/isaacs/node-glob,ISC,ISC,ISC,
glob-parent,5.1.2,/home/apostolos/Documents/Computer Science/software/StudentCompanion/node_modules/chokidar/node_modules/glob-parent,(none),ISC,ISC,ISC,ISC
glob-parent,6.0.2,/home/apostolos/Documents/Computer Science/software/StudentCompanion/node_modules/glob-parent,gulpjs/glob-parent,ISC,ISC,ISC,ISC
global-prefix,3.0.0,/home/apostolos/Documents/Computer Science/software/StudentCompanion/node_modules/global-prefix,jonschlinkert/global-prefix,MIT,MIT,MIT,
globals,13.24.0,/home/apostolos/Documents/Computer Science/software/StudentCompanion/node_modules/globals,sindresorhus/globals,MIT,MIT,MIT,
globalyzer,0.1.0,/home/apostolos/Documents/Computer Science/software/StudentCompanion/node_modules/globalyzer,https://github.com/terkelg/globalyzer,MIT,MIT,MIT,MIT
globrex,0.1.2,/home/apostolos/Documents/Computer Science/software/StudentCompanion/node_modules/globrex,https://github.com/terkelg/globrex,MIT,MIT,MIT,MIT
gopd,1.0.1,/home/apostolos/Documents/Computer Science/software/StudentCompanion/node_modules/gopd,https://github.com/ljharb/gopd,MIT,MIT,MIT,
graceful-fs,4.2.11,/home/apostolos/Documents/Computer Science/software/StudentCompanion/node_modules/graceful-fs,https://github.com/isaacs/node-graceful-fs,ISC,ISC,ISC,
graphemer,1.4.0,/home/apostolos/Documents/Computer Science/software/StudentCompanion/node_modules/graphemer,https://github.com/flmnt/graphemer,MIT,MIT,,
has-flag,4.0.0,/home/apostolos/Documents/Computer Science/software/StudentCompanion/node_modules/has-flag,sindresorhus/has-flag,MIT,MIT,MIT,MIT
has-property-descriptors,1.0.2,/home/apostolos/Documents/Computer Science/software/StudentCompanion/node_modules/has-property-descriptors,https://github.com/inspect-js/has-property-descriptors,MIT,MIT,MIT,
has-proto,1.0.3,/home/apostolos/Documents/Computer Science/software/StudentCompanion/node_modules/has-proto,https://github.com/inspect-js/has-proto,MIT,MIT,MIT,
has-symbols,1.0.3,/home/apostolos/Documents/Computer Science/software/StudentCompanion/node_modules/has-symbols,http://github.com/inspect-js/has-symbols,MIT,MIT,MIT,
has-tostringtag,1.0.2,/home/apostolos/Documents/Computer Science/software/StudentCompanion/node_modules/has-tostringtag,https://github.com/inspect-js/has-tostringtag,MIT,MIT,MIT,
hash-base,3.0.4,/home/apostolos/Documents/Computer Science/software/StudentCompanion/node_modules/hash-base,https://github.com/crypto-browserify/hash-base,MIT,MIT,MIT,MIT
hash.js,1.1.7,/home/apostolos/Documents/Computer Science/software/StudentCompanion/node_modules/hash.js,git@github.com:indutny/hash.js,MIT,MIT,,MIT
hasown,2.0.2,/home/apostolos/Documents/Computer Science/software/StudentCompanion/node_modules/hasown,https://github.com/inspect-js/hasOwn,MIT,MIT,MIT,
hmac-drbg,1.0.1,/home/apostolos/Documents/Computer Science/software/StudentCompanion/node_modules/hmac-drbg,ssh://git@github.com/indutny/hmac-drbg,MIT,MIT,,MIT
htmlparser2,8.0.2,/home/apostolos/Documents/Computer Science/software/StudentCompanion/node_modules/htmlparser2,http://github.com/fb55/htmlparser2,MIT,MIT,,
http-cookie-agent,5.0.4,/home/apostolos/Documents/Computer Science/software/StudentCompanion/node_modules/http-cookie-agent,https://github.com/3846masa/http-cookie-agent,MIT,MIT,MIT,
https-browserify,1.0.0,/home/apostolos/Documents/Computer Science/software/StudentCompanion/node_modules/https-browserify,http://github.com/substack/https-browserify,MIT,MIT,MIT,MIT
ieee754,1.2.1,/home/apostolos/Documents/Computer Science/software/StudentCompanion/node_modules/ieee754,http://github.com/feross/ieee754,BSD;BSD-3-Clause,BSD-3-Clause,,BSD
ignore,5.3.1,/home/apostolos/Documents/Computer Science/software/StudentCompanion/node_modules/ignore,git@github.com:kaelzhang/node-ignore,MIT,MIT,,
import-fresh,3.3.0,/home/apostolos/Documents/Computer Science/software/StudentCompanion/node_modules/import-fresh,sindresorhus/import-fresh,MIT,MIT,MIT,
import-meta-resolve,4.0.0,/home/apostolos/Documents/Computer Science/software/StudentCompanion/node_modules/import-meta-resolve,wooorm/import-meta-resolve,MIT,MIT,MIT,
imurmurhash,0.1.4,/home/apostolos/Documents/Computer Science/software/StudentCompanion/node_modules/imurmurhash,https://github.com/jensyt/imurmurhash-js,MIT,MIT,,MIT
inflight,1.0.6,/home/apostolos/Documents/Computer Science/software/StudentCompanion/node_modules/inflight,https://github.com/npm/inflight,ISC,ISC,ISC,
inherits,2.0.4,/home/apostolos/Documents/Computer Science/software/StudentCompanion/node_modules/inherits,http://github.com/isaacs/inherits,ISC,ISC,ISC,
ini,1.3.8,/home/apostolos/Documents/Computer Science/software/StudentCompanion/node_modules/global-prefix/node_modules/ini,(none),ISC,ISC,ISC,
ini,4.1.2,/home/apostolos/Documents/Computer Science/software/StudentCompanion/node_modules/ini,https://github.com/npm/ini,ISC,ISC,ISC,
internmap,2.0.3,/home/apostolos/Documents/Computer Science/software/StudentCompanion/node_modules/internmap,https://github.com/mbostock/internmap,ISC,ISC,,
ionic-svelte,0.5.82,/home/apostolos/Documents/Computer Science/software/StudentCompanion/node_modules/ionic-svelte,https://github.com/Tommertom/svelte-ionic-app,Unknown,,,
ionicons,7.3.1,/home/apostolos/Documents/Computer Science/software/StudentCompanion/node_modules/ionicons,https://github.com/ionic-team/ionicons,MIT,MIT,MIT,
is-arguments,1.1.1,/home/apostolos/Documents/Computer Science/software/StudentCompanion/node_modules/is-arguments,http://github.com/inspect-js/is-arguments,MIT,MIT,MIT,
is-binary-path,2.1.0,/home/apostolos/Documents/Computer Science/software/StudentCompanion/node_modules/is-binary-path,sindresorhus/is-binary-path,MIT,MIT,MIT,MIT
is-callable,1.2.7,/home/apostolos/Documents/Computer Science/software/StudentCompanion/node_modules/is-callable,http://github.com/inspect-js/is-callable,MIT,MIT,MIT,
is-core-module,2.13.1,/home/apostolos/Documents/Computer Science/software/StudentCompanion/node_modules/is-core-module,https://github.com/inspect-js/is-core-module,MIT,MIT,MIT,
is-docker,2.2.1,/home/apostolos/Documents/Computer Science/software/StudentCompanion/node_modules/is-docker,sindresorhus/is-docker,MIT,MIT,MIT,
is-extendable,0.1.1,/home/apostolos/Documents/Computer Science/software/StudentCompanion/node_modules/is-extendable,jonschlinkert/is-extendable,MIT,MIT,MIT,MIT
is-extendable,1.0.1,/home/apostolos/Documents/Computer Science/software/StudentCompanion/node_modules/split-string/node_modules/is-extendable,(none),MIT,MIT,MIT,
is-extglob,2.1.1,/home/apostolos/Documents/Computer Science/software/StudentCompanion/node_modules/is-extglob,jonschlinkert/is-extglob,MIT,MIT,MIT,
is-fullwidth-code-point,3.0.0,/home/apostolos/Documents/Computer Science/software/StudentCompanion/node_modules/is-fullwidth-code-point,sindresorhus/is-fullwidth-code-point,MIT,MIT,MIT,MIT
is-generator-function,1.0.10,/home/apostolos/Documents/Computer Science/software/StudentCompanion/node_modules/is-generator-function,http://github.com/inspect-js/is-generator-function,MIT,MIT,MIT,
is-glob,4.0.3,/home/apostolos/Documents/Computer Science/software/StudentCompanion/node_modules/is-glob,micromatch/is-glob,MIT,MIT,MIT,
is-nan,1.3.2,/home/apostolos/Documents/Computer Science/software/StudentCompanion/node_modules/is-nan,http://github.com/es-shims/is-nan,MIT,MIT,MIT,
is-number,7.0.0,/home/apostolos/Documents/Computer Science/software/StudentCompanion/node_modules/is-number,jonschlinkert/is-number,MIT,MIT,MIT,
is-path-inside,3.0.3,/home/apostolos/Documents/Computer Science/software/StudentCompanion/node_modules/is-path-inside,sindresorhus/is-path-inside,MIT,MIT,MIT,
is-plain-object,2.0.4,/home/apostolos/Documents/Computer Science/software/StudentCompanion/node_modules/is-plain-object,jonschlinkert/is-plain-object,MIT,MIT,MIT,
is-reference,3.0.2,/home/apostolos/Documents/Computer Science/software/StudentCompanion/node_modules/is-reference,https://github.com/Rich-Harris/is-reference,MIT,MIT,,MIT
is-typed-array,1.1.13,/home/apostolos/Documents/Computer Science/software/StudentCompanion/node_modules/is-typed-array,http://github.com/inspect-js/is-typed-array,MIT,MIT,MIT,
is-wsl,2.2.0,/home/apostolos/Documents/Computer Science/software/StudentCompanion/node_modules/is-wsl,sindresorhus/is-wsl,MIT,MIT,MIT,
isarray,1.0.0,/home/apostolos/Documents/Computer Science/software/StudentCompanion/node_modules/isarray,http://github.com/juliangruber/isarray,MIT,MIT,,MIT
isexe,2.0.0,/home/apostolos/Documents/Computer Science/software/StudentCompanion/node_modules/isexe,https://github.com/isaacs/isexe,ISC,ISC,ISC,
isobject,3.0.1,/home/apostolos/Documents/Computer Science/software/StudentCompanion/node_modules/isobject,jonschlinkert/isobject,MIT,MIT,MIT,
isomorphic-fetch,3.0.0,/home/apostolos/Documents/Computer Science/software/StudentCompanion/node_modules/isomorphic-fetch,https://github.com/matthew-andrews/isomorphic-fetch,MIT,MIT,MIT,MIT
isomorphic-timers-promises,1.0.1,/home/apostolos/Documents/Computer Science/software/StudentCompanion/node_modules/isomorphic-timers-promises,https://github.com/niksy/isomorphic-timers-promises,MIT,MIT,,MIT
js-base64,3.7.7,/home/apostolos/Documents/Computer Science/software/StudentCompanion/node_modules/js-base64,https://github.com/dankogai/js-base64,BSD-3-Clause,BSD-3-Clause,,
js-circle-progress,1.0.0-beta.0,/home/apostolos/Documents/Computer Science/software/StudentCompanion/node_modules/js-circle-progress,https://github.com/tigrr/circle-progress,MIT,MIT,MIT,MIT
js-yaml,4.1.0,/home/apostolos/Documents/Computer Science/software/StudentCompanion/node_modules/js-yaml,nodeca/js-yaml,MIT,MIT,MIT,
json-buffer,3.0.1,/home/apostolos/Documents/Computer Science/software/StudentCompanion/node_modules/json-buffer,http://github.com/dominictarr/json-buffer,MIT,MIT,,MIT
json-schema-traverse,0.4.1,/home/apostolos/Documents/Computer Science/software/StudentCompanion/node_modules/json-schema-traverse,https://github.com/epoberezkin/json-schema-traverse,MIT,MIT,MIT,
json-stable-stringify-without-jsonify,1.0.1,/home/apostolos/Documents/Computer Science/software/StudentCompanion/node_modules/json-stable-stringify-without-jsonify,http://github.com/samn/json-stable-stringify,MIT,MIT,MIT,MIT
json-stringify-pretty-compact,4.0.0,/home/apostolos/Documents/Computer Science/software/StudentCompanion/node_modules/json-stringify-pretty-compact,lydell/json-stringify-pretty-compact,MIT,MIT,MIT,
jsonc-parser,3.2.1,/home/apostolos/Documents/Computer Science/software/StudentCompanion/node_modules/jsonc-parser,https://github.com/microsoft/node-jsonc-parser,MIT,MIT,MIT,
jsonfile,6.1.0,/home/apostolos/Documents/Computer Science/software/StudentCompanion/node_modules/jsonfile,git@github.com:jprichardson/node-jsonfile,MIT,MIT,MIT,
jsqr,1.4.0,/home/apostolos/Documents/Computer Science/software/StudentCompanion/node_modules/jsqr,https://github.com/cozmo/jsQR,Apache;Apache-2.0,Apache-2.0,Apache,
just-compare,2.3.0,/home/apostolos/Documents/Computer Science/software/StudentCompanion/node_modules/just-compare,https://github.com/angus-c/just,MIT,MIT,MIT,
just-flush,2.3.0,/home/apostolos/Documents/Computer Science/software/StudentCompanion/node_modules/just-flush,https://github.com/angus-c/just,MIT,MIT,MIT,
kdbush,4.0.2,/home/apostolos/Documents/Computer Science/software/StudentCompanion/node_modules/kdbush,http://github.com/mourner/kdbush,ISC,ISC,ISC,
keyv,4.5.4,/home/apostolos/Documents/Computer Science/software/StudentCompanion/node_modules/keyv,https://github.com/jaredwray/keyv,MIT,MIT,,MIT
kind-of,6.0.3,/home/apostolos/Documents/Computer Science/software/StudentCompanion/node_modules/kind-of,jonschlinkert/kind-of,MIT,MIT,MIT,
kleur,3.0.3,/home/apostolos/Documents/Computer Science/software/StudentCompanion/node_modules/prompts/node_modules/kleur,(none),MIT,MIT,MIT,MIT
kleur,4.1.5,/home/apostolos/Documents/Computer Science/software/StudentCompanion/node_modules/kleur,lukeed/kleur,MIT,MIT,MIT,MIT
known-css-properties,0.29.0,/home/apostolos/Documents/Computer Science/software/StudentCompanion/node_modules/known-css-properties,known-css/known-css-properties,MIT,MIT,MIT,
leaflet,1.9.4,/home/apostolos/Documents/Computer Science/software/StudentCompanion/node_modules/leaflet,http://github.com/Leaflet/Leaflet,BSD;BSD-2-Clause,BSD-2-Clause,BSD,
levn,0.4.1,/home/apostolos/Documents/Computer Science/software/StudentCompanion/node_modules/levn,http://github.com/gkz/levn,MIT,MIT,,MIT
lilconfig,2.1.0,/home/apostolos/Documents/Computer Science/software/StudentCompanion/node_modules/lilconfig,https://github.com/antonk52/lilconfig,MIT,MIT,MIT,
local-pkg,0.4.3,/home/apostolos/Documents/Computer Science/software/StudentCompanion/node_modules/local-pkg,https://github.com/antfu/local-pkg,MIT,MIT,MIT,
locate-character,3.0.0,/home/apostolos/Documents/Computer Science/software/StudentCompanion/node_modules/locate-character,https://gitlab.com/Rich-Harris/locate-character,MIT,MIT,,MIT
locate-path,5.0.0,/home/apostolos/Documents/Computer Science/software/StudentCompanion/node_modules/yargs/node_modules/locate-path,(none),MIT,MIT,MIT,MIT
locate-path,6.0.0,/home/apostolos/Documents/Computer Science/software/StudentCompanion/node_modules/locate-path,sindresorhus/locate-path,MIT,MIT,MIT,
lodash.merge,4.6.2,/home/apostolos/Documents/Computer Science/software/StudentCompanion/node_modules/lodash.merge,lodash/lodash,MIT,MIT,,
loupe,2.3.7,/home/apostolos/Documents/Computer Science/software/StudentCompanion/node_modules/loupe,https://github.com/chaijs/loupe,MIT,MIT,MIT,MIT
lru-cache,6.0.0,/home/apostolos/Documents/Computer Science/software/StudentCompanion/node_modules/semver/node_modules/lru-cache,(none),ISC,ISC,ISC,
lru-cache,10.2.0,/home/apostolos/Documents/Computer Science/software/StudentCompanion/node_modules/lru-cache,http://github.com/isaacs/node-lru-cache,ISC,ISC,ISC,
magic-string,0.30.9,/home/apostolos/Documents/Computer Science/software/StudentCompanion/node_modules/magic-string,https://github.com/rich-harris/magic-string,MIT,MIT,,MIT
maplibre-gl,4.1.2,/home/apostolos/Documents/Computer Science/software/StudentCompanion/node_modules/maplibre-gl,http://github.com/maplibre/maplibre-gl-js,BSD;BSD-3-Clause,BSD-3-Clause,,BSD
md5.js,1.3.5,/home/apostolos/Documents/Computer Science/software/StudentCompanion/node_modules/md5.js,https://github.com/crypto-browserify/md5.js,MIT,MIT,MIT,
mdn-data,2.0.30,/home/apostolos/Documents/Computer Science/software/StudentCompanion/node_modules/mdn-data,https://github.com/mdn/data,CC0-1.0,CC0-1.0,,
merge2,1.4.1,/home/apostolos/Documents/Computer Science/software/StudentCompanion/node_modules/merge2,git@github.com:teambition/merge2,MIT,MIT,MIT,MIT
micromatch,4.0.5,/home/apostolos/Documents/Computer Science/software/StudentCompanion/node_modules/micromatch,micromatch/micromatch,MIT,MIT,MIT,
miller-rabin,4.0.1,/home/apostolos/Documents/Computer Science/software/StudentCompanion/node_modules/miller-rabin,git@github.com:indutny/miller-rabin,MIT,MIT,,MIT
mime-db,1.52.0,/home/apostolos/Documents/Computer Science/software/StudentCompanion/node_modules/mime-db,jshttp/mime-db,MIT,MIT,MIT,
mime-types,2.1.35,/home/apostolos/Documents/Computer Science/software/StudentCompanion/node_modules/mime-types,jshttp/mime-types,MIT,MIT,MIT,
min-indent,1.0.1,/home/apostolos/Documents/Computer Science/software/StudentCompanion/node_modules/min-indent,https://github.com/thejameskyle/min-indent,MIT,MIT,MIT,MIT
mini-svg-data-uri,1.4.4,/home/apostolos/Documents/Computer Science/software/StudentCompanion/node_modules/mini-svg-data-uri,https://github.com/tigt/mini-svg-data-uri,MIT,MIT,MIT,
minimalistic-assert,1.0.1,/home/apostolos/Documents/Computer Science/software/StudentCompanion/node_modules/minimalistic-assert,https://github.com/calvinmetcalf/minimalistic-assert,ISC,ISC,,
minimalistic-crypto-utils,1.0.1,/home/apostolos/Documents/Computer Science/software/StudentCompanion/node_modules/minimalistic-crypto-utils,ssh://git@github.com/indutny/minimalistic-crypto-utils,MIT,MIT,,MIT
minimatch,3.1.2,/home/apostolos/Documents/Computer Science/software/StudentCompanion/node_modules/minimatch,http://github.com/isaacs/minimatch,ISC,ISC,ISC,
minimatch,8.0.4,/home/apostolos/Documents/Computer Science/software/StudentCompanion/node_modules/glob/node_modules/minimatch,(none),ISC,ISC,ISC,
minimist,1.2.8,/home/apostolos/Documents/Computer Science/software/StudentCompanion/node_modules/minimist,http://github.com/minimistjs/minimist,MIT,MIT,MIT,MIT
minipass,3.3.6,/home/apostolos/Documents/Computer Science/software/StudentCompanion/node_modules/fs-minipass/node_modules/minipass,(none),ISC,ISC,ISC,
minipass,4.2.8,/home/apostolos/Documents/Computer Science/software/StudentCompanion/node_modules/minipass,https://github.com/isaacs/minipass,ISC,ISC,ISC,
minipass,5.0.0,/home/apostolos/Documents/Computer Science/software/StudentCompanion/node_modules/tar/node_modules/minipass,(none),ISC,ISC,ISC,
minipass,7.0.4,/home/apostolos/Documents/Computer Science/software/StudentCompanion/node_modules/path-scurry/node_modules/minipass,(none),ISC,ISC,ISC,
minizlib,2.1.2,/home/apostolos/Documents/Computer Science/software/StudentCompanion/node_modules/minizlib,https://github.com/isaacs/minizlib,MIT,MIT,,
mkdirp,0.5.6,/home/apostolos/Documents/Computer Science/software/StudentCompanion/node_modules/mkdirp,https://github.com/substack/node-mkdirp,MIT,MIT,,MIT
mkdirp,1.0.4,/home/apostolos/Documents/Computer Science/software/StudentCompanion/node_modules/tar/node_modules/mkdirp,(none),MIT,MIT,MIT,MIT
mlly,1.6.1,/home/apostolos/Documents/Computer Science/software/StudentCompanion/node_modules/mlly,unjs/mlly,MIT,MIT,MIT,
mri,1.2.0,/home/apostolos/Documents/Computer Science/software/StudentCompanion/node_modules/mri,lukeed/mri,MIT,MIT,MIT,MIT
mrmime,1.0.1,/home/apostolos/Documents/Computer Science/software/StudentCompanion/node_modules/mrmime,lukeed/mrmime,MIT,MIT,MIT,MIT
mrmime,2.0.0,/home/apostolos/Documents/Computer Science/software/StudentCompanion/node_modules/sirv/node_modules/mrmime,(none),MIT,MIT,MIT,MIT
ms,2.1.2,/home/apostolos/Documents/Computer Science/software/StudentCompanion/node_modules/ms,zeit/ms,MIT,MIT,MIT,
murmurhash-js,1.0.0,/home/apostolos/Documents/Computer Science/software/StudentCompanion/node_modules/murmurhash-js,http://github.com/mikolalysenko/murmurhash-js,MIT,MIT,,MIT
nanoid,3.3.7,/home/apostolos/Documents/Computer Science/software/StudentCompanion/node_modules/nanoid,ai/nanoid,MIT,MIT,MIT,
native-run,2.0.1,/home/apostolos/Documents/Computer Science/software/StudentCompanion/node_modules/native-run,https://github.com/ionic-team/native-run,MIT,MIT,MIT,
natural-compare,1.4.0,/home/apostolos/Documents/Computer Science/software/StudentCompanion/node_modules/natural-compare,http://github.com/litejs/natural-compare-lite,MIT,MIT,,MIT
node-domexception,1.0.0,/home/apostolos/Documents/Computer Science/software/StudentCompanion/node_modules/node-domexception,https://github.com/jimmywarting/node-domexception,MIT,MIT,MIT,
node-fetch,2.7.0,/home/apostolos/Documents/Computer Science/software/StudentCompanion/node_modules/isomorphic-fetch/node_modules/node-fetch,(none),MIT,MIT,MIT,MIT
node-fetch,3.3.2,/home/apostolos/Documents/Computer Science/software/StudentCompanion/node_modules/node-fetch,https://github.com/node-fetch/node-fetch,MIT,MIT,MIT,
node-fetch-cookies,2.1.1,/home/apostolos/Documents/Computer Science/software/StudentCompanion/node_modules/node-fetch-cookies,https://github.com/jkhsjdhjs/node-fetch-cookies,MIT,MIT,MIT,MIT
node-stdlib-browser,1.2.0,/home/apostolos/Documents/Computer Science/software/StudentCompanion/node_modules/node-stdlib-browser,https://github.com/niksy/node-stdlib-browser,MIT,MIT,,MIT
normalize-path,3.0.0,/home/apostolos/Documents/Computer Science/software/StudentCompanion/node_modules/normalize-path,jonschlinkert/normalize-path,MIT,MIT,MIT,
nth-check,2.1.1,/home/apostolos/Documents/Computer Science/software/StudentCompanion/node_modules/nth-check,https://github.com/fb55/nth-check,BSD-2-Clause,BSD-2-Clause,,
object-inspect,1.13.1,/home/apostolos/Documents/Computer Science/software/StudentCompanion/node_modules/object-inspect,http://github.com/inspect-js/object-inspect,MIT,MIT,MIT,MIT
object-is,1.1.6,/home/apostolos/Documents/Computer Science/software/StudentCompanion/node_modules/object-is,http://github.com/es-shims/object-is,MIT,MIT,MIT,
object-keys,1.1.1,/home/apostolos/Documents/Computer Science/software/StudentCompanion/node_modules/object-keys,http://github.com/ljharb/object-keys,MIT,MIT,MIT,
object.assign,4.1.5,/home/apostolos/Documents/Computer Science/software/StudentCompanion/node_modules/object.assign,http://github.com/ljharb/object.assign,MIT,MIT,MIT,
once,1.4.0,/home/apostolos/Documents/Computer Science/software/StudentCompanion/node_modules/once,http://github.com/isaacs/once,ISC,ISC,ISC,
open,8.4.2,/home/apostolos/Documents/Computer Science/software/StudentCompanion/node_modules/open,sindresorhus/open,MIT,MIT,MIT,
optionator,0.9.3,/home/apostolos/Documents/Computer Science/software/StudentCompanion/node_modules/optionator,http://github.com/gkz/optionator,MIT,MIT,,MIT
os-browserify,0.3.0,/home/apostolos/Documents/Computer Science/software/StudentCompanion/node_modules/os-browserify,http://github.com/CoderPuppy/os-browserify,MIT,MIT,MIT,
p-limit,2.3.0,/home/apostolos/Documents/Computer Science/software/StudentCompanion/node_modules/yargs/node_modules/p-limit,(none),MIT,MIT,MIT,
p-limit,3.1.0,/home/apostolos/Documents/Computer Science/software/StudentCompanion/node_modules/p-limit,sindresorhus/p-limit,MIT,MIT,MIT,
p-limit,4.0.0,/home/apostolos/Documents/Computer Science/software/StudentCompanion/node_modules/@vitest/runner/node_modules/p-limit,(none),MIT,MIT,MIT,
p-locate,4.1.0,/home/apostolos/Documents/Computer Science/software/StudentCompanion/node_modules/yargs/node_modules/p-locate,(none),MIT,MIT,MIT,MIT
p-locate,5.0.0,/home/apostolos/Documents/Computer Science/software/StudentCompanion/node_modules/p-locate,sindresorhus/p-locate,MIT,MIT,MIT,
p-try,2.2.0,/home/apostolos/Documents/Computer Science/software/StudentCompanion/node_modules/p-try,sindresorhus/p-try,MIT,MIT,MIT,MIT
pako,1.0.11,/home/apostolos/Documents/Computer Science/software/StudentCompanion/node_modules/pako,nodeca/pako,(MIT AND Zlib);MIT,(MIT AND Zlib),MIT,MIT
parent-module,1.0.1,/home/apostolos/Documents/Computer Science/software/StudentCompanion/node_modules/parent-module,sindresorhus/parent-module,MIT,MIT,MIT,MIT
parse-asn1,5.1.7,/home/apostolos/Documents/Computer Science/software/StudentCompanion/node_modules/parse-asn1,http://github.com/crypto-browserify/parse-asn1,ISC,ISC,,
parse5,7.1.2,/home/apostolos/Documents/Computer Science/software/StudentCompanion/node_modules/parse5,http://github.com/inikulin/parse5,MIT,MIT,,
parse5-htmlparser2-tree-adapter,7.0.0,/home/apostolos/Documents/Computer Science/software/StudentCompanion/node_modules/parse5-htmlparser2-tree-adapter,http://github.com/inikulin/parse5,MIT,MIT,,
path-browserify,1.0.1,/home/apostolos/Documents/Computer Science/software/StudentCompanion/node_modules/path-browserify,http://github.com/browserify/path-browserify,MIT,MIT,MIT,
path-exists,4.0.0,/home/apostolos/Documents/Computer Science/software/StudentCompanion/node_modules/path-exists,sindresorhus/path-exists,MIT,MIT,MIT,MIT
path-is-absolute,1.0.1,/home/apostolos/Documents/Computer Science/software/StudentCompanion/node_modules/path-is-absolute,sindresorhus/path-is-absolute,MIT,MIT,MIT,MIT
path-key,3.1.1,/home/apostolos/Documents/Computer Science/software/StudentCompanion/node_modules/path-key,sindresorhus/path-key,MIT,MIT,MIT,
path-parse,1.0.7,/home/apostolos/Documents/Computer Science/software/StudentCompanion/node_modules/path-parse,https://github.com/jbgutierrez/path-parse,MIT,MIT,MIT,MIT
path-scurry,1.10.2,/home/apostolos/Documents/Computer Science/software/StudentCompanion/node_modules/path-scurry,https://github.com/isaacs/path-scurry,BlueOak-1.0.0,BlueOak-1.0.0,,
pathe,1.1.2,/home/apostolos/Documents/Computer Science/software/StudentCompanion/node_modules/pathe,unjs/pathe,MIT,MIT,MIT,
pathval,1.1.1,/home/apostolos/Documents/Computer Science/software/StudentCompanion/node_modules/pathval,ssh://git@github.com/chaijs/pathval,MIT,MIT,MIT,
pbf,3.2.1,/home/apostolos/Documents/Computer Science/software/StudentCompanion/node_modules/pbf,git@github.com:mapbox/pbf,BSD-3-Clause,BSD-3-Clause,,
pbkdf2,3.1.2,/home/apostolos/Documents/Computer Science/software/StudentCompanion/node_modules/pbkdf2,https://github.com/crypto-browserify/pbkdf2,MIT,MIT,MIT,
pend,1.2.0,/home/apostolos/Documents/Computer Science/software/StudentCompanion/node_modules/pend,http://github.com/andrewrk/node-pend,MIT,MIT,MIT,
periscopic,3.1.0,/home/apostolos/Documents/Computer Science/software/StudentCompanion/node_modules/periscopic,Rich-Harris/periscopic,MIT,MIT,,
picocolors,1.0.0,/home/apostolos/Documents/Computer Science/software/StudentCompanion/node_modules/picocolors,alexeyraspopov/picocolors,ISC,ISC,ISC,
picomatch,2.3.1,/home/apostolos/Documents/Computer Science/software/StudentCompanion/node_modules/picomatch,micromatch/picomatch,MIT,MIT,MIT,
pkg-dir,5.0.0,/home/apostolos/Documents/Computer Science/software/StudentCompanion/node_modules/pkg-dir,sindresorhus/pkg-dir,MIT,MIT,MIT,
pkg-types,1.0.3,/home/apostolos/Documents/Computer Science/software/StudentCompanion/node_modules/pkg-types,unjs/pkg-types,MIT,MIT,MIT,MIT
playwright,1.43.0,/home/apostolos/Documents/Computer Science/software/StudentCompanion/node_modules/playwright,https://github.com/microsoft/playwright,Apache;Apache-2.0,Apache-2.0,Apache,
playwright-core,1.43.0,/home/apostolos/Documents/Computer Science/software/StudentCompanion/node_modules/playwright-core,https://github.com/microsoft/playwright,Apache;Apache-2.0,Apache-2.0,Apache,
plist,3.1.0,/home/apostolos/Documents/Computer Science/software/StudentCompanion/node_modules/plist,http://github.com/TooTallNate/node-plist,MIT,MIT,MIT,MIT
pmtiles,3.0.5,/home/apostolos/Documents/Computer Science/software/StudentCompanion/node_modules/pmtiles,(none),BSD-3-Clause,BSD-3-Clause,,
pngjs,5.0.0,/home/apostolos/Documents/Computer Science/software/StudentCompanion/node_modules/pngjs,http://github.com/lukeapage/pngjs,MIT,MIT,,MIT
possible-typed-array-names,1.0.0,/home/apostolos/Documents/Computer Science/software/StudentCompanion/node_modules/possible-typed-array-names,https://github.com/ljharb/possible-typed-array-names,MIT,MIT,MIT,
postcss,8.4.38,/home/apostolos/Documents/Computer Science/software/StudentCompanion/node_modules/postcss,postcss/postcss,MIT,MIT,MIT,
postcss-load-config,3.1.4,/home/apostolos/Documents/Computer Science/software/StudentCompanion/node_modules/postcss-load-config,postcss/postcss-load-config,MIT,MIT,MIT,
postcss-safe-parser,6.0.0,/home/apostolos/Documents/Computer Science/software/StudentCompanion/node_modules/postcss-safe-parser,postcss/postcss-safe-parser,MIT,MIT,MIT,
postcss-scss,4.0.9,/home/apostolos/Documents/Computer Science/software/StudentCompanion/node_modules/postcss-scss,postcss/postcss-scss,MIT,MIT,MIT,
postcss-selector-parser,6.0.16,/home/apostolos/Documents/Computer Science/software/StudentCompanion/node_modules/postcss-selector-parser,postcss/postcss-selector-parser,MIT,MIT,,MIT
potpack,2.0.0,/home/apostolos/Documents/Computer Science/software/StudentCompanion/node_modules/potpack,https://github.com/mapbox/potpack,ISC,ISC,ISC,
prelude-ls,1.2.1,/home/apostolos/Documents/Computer Science/software/StudentCompanion/node_modules/prelude-ls,http://github.com/gkz/prelude-ls,MIT,MIT,,
prettier,2.8.8,/home/apostolos/Documents/Computer Science/software/StudentCompanion/node_modules/prettier,prettier/prettier,Apache;BSD;ISC;MIT,MIT,Apache;BSD;ISC;MIT,
prettier-plugin-svelte,2.10.1,/home/apostolos/Documents/Computer Science/software/StudentCompanion/node_modules/prettier-plugin-svelte,https://github.com/sveltejs/prettier-plugin-svelte,MIT,MIT,MIT,
pretty-format,29.7.0,/home/apostolos/Documents/Computer Science/software/StudentCompanion/node_modules/pretty-format,https://github.com/jestjs/jest,MIT,MIT,MIT,
process,0.11.10,/home/apostolos/Documents/Computer Science/software/StudentCompanion/node_modules/process,http://github.com/shtylman/node-process,MIT,MIT,MIT,
process-nextick-args,2.0.1,/home/apostolos/Documents/Computer Science/software/StudentCompanion/node_modules/process-nextick-args,https://github.com/calvinmetcalf/process-nextick-args,MIT,MIT,,
prompts,2.4.2,/home/apostolos/Documents/Computer Science/software/StudentCompanion/node_modules/prompts,terkelg/prompts,MIT,MIT,MIT,MIT
protocol-buffers-schema,3.6.0,/home/apostolos/Documents/Computer Science/software/StudentCompanion/node_modules/protocol-buffers-schema,https://github.com/mafintosh/protocol-buffers-schema,MIT,MIT,MIT,MIT
proxy-from-env,1.1.0,/home/apostolos/Documents/Computer Science/software/StudentCompanion/node_modules/proxy-from-env,https://github.com/Rob--W/proxy-from-env,MIT,MIT,MIT,
psl,1.9.0,/home/apostolos/Documents/Computer Science/software/StudentCompanion/node_modules/psl,git@github.com:lupomontero/psl,MIT,MIT,MIT,MIT
public-encrypt,4.0.3,/home/apostolos/Documents/Computer Science/software/StudentCompanion/node_modules/public-encrypt,https://github.com/crypto-browserify/publicEncrypt,MIT,MIT,,
punycode,1.4.1,/home/apostolos/Documents/Computer Science/software/StudentCompanion/node_modules/node-stdlib-browser/node_modules/punycode,(none),MIT,MIT,,
punycode,2.3.1,/home/apostolos/Documents/Computer Science/software/StudentCompanion/node_modules/punycode,https://github.com/mathiasbynens/punycode.js,MIT,MIT,,
qrcode,1.5.3,/home/apostolos/Documents/Computer Science/software/StudentCompanion/node_modules/qrcode,http://github.com/soldair/node-qrcode,MIT,MIT,MIT,MIT
qs,6.12.0,/home/apostolos/Documents/Computer Science/software/StudentCompanion/node_modules/qs,https://github.com/ljharb/qs,BSD;BSD-3-Clause,BSD-3-Clause,BSD,
querystring-es3,0.2.1,/home/apostolos/Documents/Computer Science/software/StudentCompanion/node_modules/querystring-es3,http://github.com/mike-spainhower/querystring,MIT,MIT,,
querystringify,2.2.0,/home/apostolos/Documents/Computer Science/software/StudentCompanion/node_modules/querystringify,https://github.com/unshiftio/querystringify,MIT,MIT,MIT,MIT
queue-microtask,1.2.3,/home/apostolos/Documents/Computer Science/software/StudentCompanion/node_modules/queue-microtask,http://github.com/feross/queue-microtask,MIT,MIT,MIT,
quickselect,2.0.0,/home/apostolos/Documents/Computer Science/software/StudentCompanion/node_modules/quickselect,(none),ISC,ISC,ISC,
randombytes,2.1.0,/home/apostolos/Documents/Computer Science/software/StudentCompanion/node_modules/randombytes,git@github.com:crypto-browserify/randombytes,MIT,MIT,MIT,
randomfill,1.0.4,/home/apostolos/Documents/Computer Science/software/StudentCompanion/node_modules/randomfill,https://github.com/crypto-browserify/randomfill,MIT,MIT,MIT,
react-is,18.2.0,/home/apostolos/Documents/Computer Science/software/StudentCompanion/node_modules/react-is,https://github.com/facebook/react,MIT,MIT,MIT,
readable-stream,2.3.8,/home/apostolos/Documents/Computer Science/software/StudentCompanion/node_modules/browserify-sign/node_modules/readable-stream,(none),MIT,MIT,,
readable-stream,3.6.2,/home/apostolos/Documents/Computer Science/software/StudentCompanion/node_modules/readable-stream,http://github.com/nodejs/readable-stream,MIT,MIT,,
readdirp,3.6.0,/home/apostolos/Documents/Computer Science/software/StudentCompanion/node_modules/readdirp,http://github.com/paulmillr/readdirp,MIT,MIT,MIT,MIT
redaxios,0.5.1,/home/apostolos/Documents/Computer Science/software/StudentCompanion/node_modules/redaxios,developit/redaxios,Apache;Apache-2.0,Apache-2.0,Apache,
regenerator-runtime,0.14.1,/home/apostolos/Documents/Computer Science/software/StudentCompanion/node_modules/regenerator-runtime,https://github.com/facebook/regenerator/tree/main/packages/runtime,MIT,MIT,MIT,
require-directory,2.1.1,/home/apostolos/Documents/Computer Science/software/StudentCompanion/node_modules/require-directory,http://github.com/troygoode/node-require-directory,MIT,MIT,MIT,
require-main-filename,2.0.0,/home/apostolos/Documents/Computer Science/software/StudentCompanion/node_modules/require-main-filename,ssh://git@github.com/yargs/require-main-filename,ISC,ISC,,ISC
requires-port,1.0.0,/home/apostolos/Documents/Computer Science/software/StudentCompanion/node_modules/requires-port,https://github.com/unshiftio/requires-port,MIT,MIT,MIT,MIT
resolve,1.22.8,/home/apostolos/Documents/Computer Science/software/StudentCompanion/node_modules/resolve,http://github.com/browserify/resolve,MIT,MIT,MIT,MIT
resolve-from,4.0.0,/home/apostolos/Documents/Computer Science/software/StudentCompanion/node_modules/resolve-from,sindresorhus/resolve-from,MIT,MIT,MIT,MIT
resolve-protobuf-schema,2.1.0,/home/apostolos/Documents/Computer Science/software/StudentCompanion/node_modules/resolve-protobuf-schema,https://github.com/mafintosh/resolve-protobuf-schema,MIT,MIT,MIT,MIT
reusify,1.0.4,/home/apostolos/Documents/Computer Science/software/StudentCompanion/node_modules/reusify,https://github.com/mcollina/reusify,MIT,MIT,MIT,MIT
rimraf,2.7.1,/home/apostolos/Documents/Computer Science/software/StudentCompanion/node_modules/sander/node_modules/rimraf,(none),ISC,ISC,ISC,
rimraf,3.0.2,/home/apostolos/Documents/Computer Science/software/StudentCompanion/node_modules/flat-cache/node_modules/rimraf,(none),ISC,ISC,ISC,
rimraf,4.4.1,/home/apostolos/Documents/Computer Science/software/StudentCompanion/node_modules/rimraf,http://github.com/isaacs/rimraf,ISC,ISC,ISC,
ripemd160,2.0.2,/home/apostolos/Documents/Computer Science/software/StudentCompanion/node_modules/ripemd160,https://github.com/crypto-browserify/ripemd160,MIT,MIT,MIT,MIT
rollup,3.29.4,/home/apostolos/Documents/Computer Science/software/StudentCompanion/node_modules/rollup,rollup/rollup,ISC;MIT,MIT,ISC;MIT,
run-parallel,1.2.0,/home/apostolos/Documents/Computer Science/software/StudentCompanion/node_modules/run-parallel,http://github.com/feross/run-parallel,MIT,MIT,MIT,
rw,1.3.3,/home/apostolos/Documents/Computer Science/software/StudentCompanion/node_modules/rw,http://github.com/mbostock/rw,BSD-3-Clause,BSD-3-Clause,,
sade,1.8.1,/home/apostolos/Documents/Computer Science/software/StudentCompanion/node_modules/sade,lukeed/sade,MIT,MIT,MIT,MIT
safe-buffer,5.1.2,/home/apostolos/Documents/Computer Science/software/StudentCompanion/node_modules/browserify-sign/node_modules/readable-stream/node_modules/safe-buffer,(none),MIT,MIT,MIT,
safe-buffer,5.2.1,/home/apostolos/Documents/Computer Science/software/StudentCompanion/node_modules/safe-buffer,http://github.com/feross/safe-buffer,MIT,MIT,MIT,
sander,0.5.1,/home/apostolos/Documents/Computer Science/software/StudentCompanion/node_modules/sander,https://github.com/rich-harris/sander,MIT,MIT,,
sax,1.1.4,/home/apostolos/Documents/Computer Science/software/StudentCompanion/node_modules/sax,http://github.com/isaacs/sax-js,GPL;ISC;MIT,ISC,GPL;ISC;MIT,
semver,7.6.0,/home/apostolos/Documents/Computer Science/software/StudentCompanion/node_modules/semver,https://github.com/npm/node-semver,ISC,ISC,ISC,
set-blocking,2.0.0,/home/apostolos/Documents/Computer Science/software/StudentCompanion/node_modules/set-blocking,https://github.com/yargs/set-blocking,ISC,ISC,,ISC
set-cookie-parser,2.6.0,/home/apostolos/Documents/Computer Science/software/StudentCompanion/node_modules/set-cookie-parser,nfriedly/set-cookie-parser,MIT,MIT,MIT,MIT
set-function-length,1.2.2,/home/apostolos/Documents/Computer Science/software/StudentCompanion/node_modules/set-function-length,https://github.com/ljharb/set-function-length,MIT,MIT,MIT,
set-value,2.0.1,/home/apostolos/Documents/Computer Science/software/StudentCompanion/node_modules/set-value,jonschlinkert/set-value,MIT,MIT,MIT,
setimmediate,1.0.5,/home/apostolos/Documents/Computer Science/software/StudentCompanion/node_modules/setimmediate,YuzuJS/setImmediate,MIT,MIT,,
sha.js,2.4.11,/home/apostolos/Documents/Computer Science/software/StudentCompanion/node_modules/sha.js,http://github.com/crypto-browserify/sha.js,(MIT AND BSD-3-Clause),(MIT AND BSD-3-Clause),,
shebang-command,2.0.0,/home/apostolos/Documents/Computer Science/software/StudentCompanion/node_modules/shebang-command,kevva/shebang-command,MIT,MIT,MIT,
shebang-regex,3.0.0,/home/apostolos/Documents/Computer Science/software/StudentCompanion/node_modules/shebang-regex,sindresorhus/shebang-regex,MIT,MIT,MIT,MIT
side-channel,1.0.6,/home/apostolos/Documents/Computer Science/software/StudentCompanion/node_modules/side-channel,https://github.com/ljharb/side-channel,MIT,MIT,MIT,
siginfo,2.0.0,/home/apostolos/Documents/Computer Science/software/StudentCompanion/node_modules/siginfo,https://github.com/emilbayes/siginfo,BSD;ISC,ISC,,BSD
signal-exit,3.0.7,/home/apostolos/Documents/Computer Science/software/StudentCompanion/node_modules/signal-exit,https://github.com/tapjs/signal-exit,ISC,ISC,ISC,
sirv,2.0.4,/home/apostolos/Documents/Computer Science/software/StudentCompanion/node_modules/sirv,lukeed/sirv,MIT,MIT,,MIT
sisteransi,1.0.5,/home/apostolos/Documents/Computer Science/software/StudentCompanion/node_modules/sisteransi,https://github.com/terkelg/sisteransi,MIT,MIT,MIT,MIT
slice-ansi,4.0.0,/home/apostolos/Documents/Computer Science/software/StudentCompanion/node_modules/slice-ansi,chalk/slice-ansi,MIT,MIT,MIT,
sorcery,0.11.0,/home/apostolos/Documents/Computer Science/software/StudentCompanion/node_modules/sorcery,https://github.com/Rich-Harris/sorcery,MIT,MIT,,MIT
sort-asc,0.2.0,/home/apostolos/Documents/Computer Science/software/StudentCompanion/node_modules/sort-asc,jonschlinkert/sort-asc,MIT,MIT,MIT,MIT
sort-desc,0.2.0,/home/apostolos/Documents/Computer Science/software/StudentCompanion/node_modules/sort-desc,jonschlinkert/sort-desc,MIT,MIT,MIT,MIT
sort-object,3.0.3,/home/apostolos/Documents/Computer Science/software/StudentCompanion/node_modules/sort-object,doowb/sort-object,MIT,MIT,MIT,MIT
source-map-js,1.2.0,/home/apostolos/Documents/Computer Science/software/StudentCompanion/node_modules/source-map-js,7rulnik/source-map-js,BSD-3-Clause,BSD-3-Clause,,
split-string,3.1.0,/home/apostolos/Documents/Computer Science/software/StudentCompanion/node_modules/split-string,jonschlinkert/split-string,MIT,MIT,MIT,
split2,4.2.0,/home/apostolos/Documents/Computer Science/software/StudentCompanion/node_modules/split2,https://github.com/mcollina/split2,ISC,ISC,,
ssr-window,4.0.2,/home/apostolos/Documents/Computer Science/software/StudentCompanion/node_modules/ssr-window,https://github.com/nolimits4web/ssr-window,MIT,MIT,MIT,
stackback,0.0.2,/home/apostolos/Documents/Computer Science/software/StudentCompanion/node_modules/stackback,http://github.com/shtylman/node-stackback,MIT,MIT,,
std-env,3.7.0,/home/apostolos/Documents/Computer Science/software/StudentCompanion/node_modules/std-env,unjs/std-env,MIT,MIT,MIT,MIT
stream-browserify,3.0.0,/home/apostolos/Documents/Computer Science/software/StudentCompanion/node_modules/stream-browserify,http://github.com/browserify/stream-browserify,MIT,MIT,MIT,
stream-http,3.2.0,/home/apostolos/Documents/Computer Science/software/StudentCompanion/node_modules/stream-http,http://github.com/jhiesey/stream-http,MIT,MIT,MIT,
string-width,4.2.3,/home/apostolos/Documents/Computer Science/software/StudentCompanion/node_modules/string-width,sindresorhus/string-width,MIT,MIT,MIT,
string_decoder,1.1.1,/home/apostolos/Documents/Computer Science/software/StudentCompanion/node_modules/browserify-sign/node_modules/string_decoder,(none),MIT,MIT,,
string_decoder,1.3.0,/home/apostolos/Documents/Computer Science/software/StudentCompanion/node_modules/string_decoder,http://github.com/nodejs/string_decoder,MIT,MIT,,
strip-ansi,6.0.1,/home/apostolos/Documents/Computer Science/software/StudentCompanion/node_modules/strip-ansi,chalk/strip-ansi,MIT,MIT,MIT,
strip-indent,3.0.0,/home/apostolos/Documents/Computer Science/software/StudentCompanion/node_modules/strip-indent,sindresorhus/strip-indent,MIT,MIT,MIT,MIT
strip-json-comments,3.1.1,/home/apostolos/Documents/Computer Science/software/StudentCompanion/node_modules/strip-json-comments,sindresorhus/strip-json-comments,MIT,MIT,MIT,
strip-literal,1.3.0,/home/apostolos/Documents/Computer Science/software/StudentCompanion/node_modules/strip-literal,https://github.com/antfu/strip-literal,MIT,MIT,MIT,
studentcompanion,0.0.1,/home/apostolos/Documents/Computer Science/software/StudentCompanion,(none),Public Domain,,Public Domain,
supercluster,8.0.1,/home/apostolos/Documents/Computer Science/software/StudentCompanion/node_modules/supercluster,http://github.com/mapbox/supercluster,ISC,ISC,ISC,
supports-color,7.2.0,/home/apostolos/Documents/Computer Science/software/StudentCompanion/node_modules/supports-color,chalk/supports-color,MIT,MIT,MIT,
supports-preserve-symlinks-flag,1.0.0,/home/apostolos/Documents/Computer Science/software/StudentCompanion/node_modules/supports-preserve-symlinks-flag,https://github.com/inspect-js/node-supports-preserve-symlinks-flag,MIT,MIT,MIT,
svelte,4.2.12,/home/apostolos/Documents/Computer Science/software/StudentCompanion/node_modules/svelte,https://github.com/sveltejs/svelte,MIT,MIT,,
svelte-check,3.6.9,/home/apostolos/Documents/Computer Science/software/StudentCompanion/node_modules/svelte-check,https://github.com/sveltejs/language-tools,MIT,MIT,,
svelte-eslint-parser,0.33.1,/home/apostolos/Documents/Computer Science/software/StudentCompanion/node_modules/svelte-eslint-parser,https://github.com/sveltejs/svelte-eslint-parser,MIT,MIT,MIT,
svelte-gestures,4.0.0,/home/apostolos/Documents/Computer Science/software/StudentCompanion/node_modules/svelte-gestures,https://github.com/Rezi/svelte-gestures,MIT,MIT,MIT,
svelte-hmr,0.15.3,/home/apostolos/Documents/Computer Science/software/StudentCompanion/node_modules/svelte-hmr,https://github.com/sveltejs/svelte-hmr,ISC,ISC,,
svelte-local-storage-store,0.6.4,/home/apostolos/Documents/Computer Science/software/StudentCompanion/node_modules/svelte-local-storage-store,https://github.com/joshnuss/svelte-local-storage-store,MIT,MIT,MIT,
svelte-maplibre,0.8.2,/home/apostolos/Documents/Computer Science/software/StudentCompanion/node_modules/svelte-maplibre,http://github.com/dimfeld/svelte-maplibre,MIT,MIT,,
svelte-persisted-store,0.7.0,/home/apostolos/Documents/Computer Science/software/StudentCompanion/node_modules/svelte-persisted-store,https://github.com/joshnuss/svelte-persisted-store,MIT,MIT,MIT,MIT
svelte-preprocess,5.1.3,/home/apostolos/Documents/Computer Science/software/StudentCompanion/node_modules/svelte-preprocess,https://github.com/sveltejs/svelte-preprocess,MIT,MIT,,
svg.draggable.js,2.2.2,/home/apostolos/Documents/Computer Science/software/StudentCompanion/node_modules/svg.draggable.js,https://github.com/svgdotjs/svg.draggable.js,MIT,MIT,MIT,MIT
svg.easing.js,2.0.0,/home/apostolos/Documents/Computer Science/software/StudentCompanion/node_modules/svg.easing.js,https://github.com/wout/svg.easing.js,MIT,MIT,MIT,MIT
svg.filter.js,2.0.2,/home/apostolos/Documents/Computer Science/software/StudentCompanion/node_modules/svg.filter.js,https://github.com/wout/svg.filter.js,MIT,MIT,MIT,MIT
svg.js,2.7.1,/home/apostolos/Documents/Computer Science/software/StudentCompanion/node_modules/svg.js,https://github.com/svgdotjs/svg.js,MIT,MIT,,MIT
svg.pathmorphing.js,0.1.3,/home/apostolos/Documents/Computer Science/software/StudentCompanion/node_modules/svg.pathmorphing.js,https://github.com/svgdotjs/svg.pathmorphing.js,MIT,MIT,MIT,
svg.resize.js,1.4.3,/home/apostolos/Documents/Computer Science/software/StudentCompanion/node_modules/svg.resize.js,https://github.com/svgdotjs/svg.resize.js,MIT,MIT,MIT,
svg.select.js,2.1.2,/home/apostolos/Documents/Computer Science/software/StudentCompanion/node_modules/svg.resize.js/node_modules/svg.select.js,(none),MIT,MIT,MIT,
svg.select.js,3.0.1,/home/apostolos/Documents/Computer Science/software/StudentCompanion/node_modules/svg.select.js,https://github.com/svgdotjs/svg.select.js,MIT,MIT,MIT,
swiper,9.4.1,/home/apostolos/Documents/Computer Science/software/StudentCompanion/node_modules/swiper,https://github.com/nolimits4web/Swiper,MIT,MIT,MIT,
tailwind-merge,2.2.2,/home/apostolos/Documents/Computer Science/software/StudentCompanion/node_modules/tailwind-merge,https://github.com/dcastil/tailwind-merge,MIT,MIT,MIT,
tar,6.2.1,/home/apostolos/Documents/Computer Science/software/StudentCompanion/node_modules/tar,https://github.com/isaacs/node-tar,ISC,ISC,ISC,
text-table,0.2.0,/home/apostolos/Documents/Computer Science/software/StudentCompanion/node_modules/text-table,http://github.com/substack/text-table,MIT,MIT,MIT,MIT
through2,4.0.2,/home/apostolos/Documents/Computer Science/software/StudentCompanion/node_modules/through2,https://github.com/rvagg/through2,MIT,MIT,MIT,MIT
timers-browserify,2.0.12,/home/apostolos/Documents/Computer Science/software/StudentCompanion/node_modules/timers-browserify,http://github.com/jryans/timers-browserify,MIT,MIT,,
tiny-glob,0.2.9,/home/apostolos/Documents/Computer Science/software/StudentCompanion/node_modules/tiny-glob,terkelg/tiny-glob,MIT,MIT,MIT,MIT
tinybench,2.6.0,/home/apostolos/Documents/Computer Science/software/StudentCompanion/node_modules/tinybench,tinylibs/tinybench,MIT,MIT,MIT,
tinypool,0.5.0,/home/apostolos/Documents/Computer Science/software/StudentCompanion/node_modules/tinypool,https://github.com/aslemammad/tinypool,MIT,MIT,MIT,
tinyqueue,2.0.3,/home/apostolos/Documents/Computer Science/software/StudentCompanion/node_modules/tinyqueue,https://github.com/mourner/tinyqueue,ISC,ISC,ISC,
tinyspy,2.2.1,/home/apostolos/Documents/Computer Science/software/StudentCompanion/node_modules/tinyspy,https://github.com/tinylibs/tinyspy,MIT,MIT,MIT,
to-regex-range,5.0.1,/home/apostolos/Documents/Computer Science/software/StudentCompanion/node_modules/to-regex-range,micromatch/to-regex-range,MIT,MIT,MIT,
totalist,3.0.1,/home/apostolos/Documents/Computer Science/software/StudentCompanion/node_modules/totalist,lukeed/totalist,MIT,MIT,MIT,MIT
tough-cookie,4.1.3,/home/apostolos/Documents/Computer Science/software/StudentCompanion/node_modules/tough-cookie,http://github.com/salesforce/tough-cookie,BSD-3-Clause,BSD-3-Clause,,
tr46,0.0.3,/home/apostolos/Documents/Computer Science/software/StudentCompanion/node_modules/tr46,https://github.com/Sebmaster/tr46.js,MIT,MIT,,
tree-kill,1.2.2,/home/apostolos/Documents/Computer Science/software/StudentCompanion/node_modules/tree-kill,http://github.com/pkrumins/node-tree-kill,MIT,MIT,MIT,MIT
tslib,2.6.2,/home/apostolos/Documents/Computer Science/software/StudentCompanion/node_modules/tslib,https://github.com/Microsoft/tslib,0BSD,0BSD,,
tty-browserify,0.0.1,/home/apostolos/Documents/Computer Science/software/StudentCompanion/node_modules/tty-browserify,http://github.com/browserify/tty-browserify,MIT,MIT,MIT,
type-check,0.4.0,/home/apostolos/Documents/Computer Science/software/StudentCompanion/node_modules/type-check,http://github.com/gkz/type-check,MIT,MIT,,MIT
type-detect,4.0.8,/home/apostolos/Documents/Computer Science/software/StudentCompanion/node_modules/type-detect,ssh://git@github.com/chaijs/type-detect,MIT,MIT,,
type-fest,0.20.2,/home/apostolos/Documents/Computer Science/software/StudentCompanion/node_modules/type-fest,sindresorhus/type-fest,(MIT OR CC0-1.0);MIT,(MIT OR CC0-1.0),MIT,
typescript,5.4.4,/home/apostolos/Documents/Computer Science/software/StudentCompanion/node_modules/typescript,https://github.com/Microsoft/TypeScript,Apache;Apache-2.0,Apache-2.0,Apache,
typewise,1.0.3,/home/apostolos/Documents/Computer Science/software/StudentCompanion/node_modules/typewise,https://github.com/deanlandolt/typewise,MIT,MIT,,
typewise-core,1.2.0,/home/apostolos/Documents/Computer Science/software/StudentCompanion/node_modules/typewise-core,https://github.com/deanlandolt/typewise-core,MIT,MIT,MIT,
ufo,1.5.3,/home/apostolos/Documents/Computer Science/software/StudentCompanion/node_modules/ufo,unjs/ufo,MIT,MIT,MIT,
undici,5.28.4,/home/apostolos/Documents/Computer Science/software/StudentCompanion/node_modules/undici,https://github.com/nodejs/undici,MIT,MIT,MIT,MIT
undici-types,5.26.5,/home/apostolos/Documents/Computer Science/software/StudentCompanion/node_modules/undici-types,https://github.com/nodejs/undici,MIT,MIT,,
union-value,1.0.1,/home/apostolos/Documents/Computer Science/software/StudentCompanion/node_modules/union-value,jonschlinkert/union-value,MIT,MIT,MIT,
universalify,0.2.0,/home/apostolos/Documents/Computer Science/software/StudentCompanion/node_modules/tough-cookie/node_modules/universalify,(none),MIT,MIT,MIT,MIT
universalify,2.0.1,/home/apostolos/Documents/Computer Science/software/StudentCompanion/node_modules/universalify,https://github.com/RyanZim/universalify,MIT,MIT,MIT,MIT
untildify,4.0.0,/home/apostolos/Documents/Computer Science/software/StudentCompanion/node_modules/untildify,sindresorhus/untildify,MIT,MIT,MIT,MIT
uri-js,4.4.1,/home/apostolos/Documents/Computer Science/software/StudentCompanion/node_modules/uri-js,http://github.com/garycourt/uri-js,BSD-2-Clause,BSD-2-Clause,,
url,0.11.3,/home/apostolos/Documents/Computer Science/software/StudentCompanion/node_modules/url,https://github.com/defunctzombie/node-url,MIT,MIT,MIT,
url-parse,1.5.10,/home/apostolos/Documents/Computer Science/software/StudentCompanion/node_modules/url-parse,https://github.com/unshiftio/url-parse,MIT,MIT,MIT,
util,0.12.5,/home/apostolos/Documents/Computer Science/software/StudentCompanion/node_modules/util,http://github.com/browserify/node-util,MIT,MIT,,
util-deprecate,1.0.2,/home/apostolos/Documents/Computer Science/software/StudentCompanion/node_modules/util-deprecate,http://github.com/TooTallNate/util-deprecate,MIT,MIT,MIT,MIT
vite,4.5.3,/home/apostolos/Documents/Computer Science/software/StudentCompanion/node_modules/vite,https://github.com/vitejs/vite,Apache;ISC;MIT,MIT,Apache;ISC;MIT,
vite-node,0.32.4,/home/apostolos/Documents/Computer Science/software/StudentCompanion/node_modules/vite-node,https://github.com/vitest-dev/vitest,MIT,MIT,MIT,
vite-plugin-node-polyfills,0.17.0,/home/apostolos/Documents/Computer Science/software/StudentCompanion/node_modules/vite-plugin-node-polyfills,https://github.com/davidmyersdev/vite-plugin-node-polyfills,MIT,MIT,MIT,
vitefu,0.2.5,/home/apostolos/Documents/Computer Science/software/StudentCompanion/node_modules/vitefu,https://github.com/svitejs/vitefu,MIT,MIT,MIT,MIT
vitest,0.32.4,/home/apostolos/Documents/Computer Science/software/StudentCompanion/node_modules/vitest,https://github.com/vitest-dev/vitest,Apache;BSD;ISC;MIT,MIT,Apache;BSD;ISC;MIT,
vm-browserify,1.1.2,/home/apostolos/Documents/Computer Science/software/StudentCompanion/node_modules/vm-browserify,http://github.com/substack/vm-browserify,MIT,MIT,MIT,MIT
vt-pbf,3.1.3,/home/apostolos/Documents/Computer Science/software/StudentCompanion/node_modules/vt-pbf,https://github.com/mapbox/vt-pbf,MIT,MIT,MIT,
web-streams-polyfill,3.3.3,/home/apostolos/Documents/Computer Science/software/StudentCompanion/node_modules/web-streams-polyfill,https://github.com/MattiasBuelens/web-streams-polyfill,MIT,MIT,MIT,
webidl-conversions,3.0.1,/home/apostolos/Documents/Computer Science/software/StudentCompanion/node_modules/webidl-conversions,jsdom/webidl-conversions,BSD;BSD-2-Clause,BSD-2-Clause,BSD,
whatwg-fetch,3.6.20,/home/apostolos/Documents/Computer Science/software/StudentCompanion/node_modules/whatwg-fetch,github/fetch,MIT,MIT,,
whatwg-url,5.0.0,/home/apostolos/Documents/Computer Science/software/StudentCompanion/node_modules/whatwg-url,jsdom/whatwg-url,MIT,MIT,MIT,
which,1.3.1,/home/apostolos/Documents/Computer Science/software/StudentCompanion/node_modules/global-prefix/node_modules/which,(none),BSD;ISC,ISC,ISC,BSD
which,2.0.2,/home/apostolos/Documents/Computer Science/software/StudentCompanion/node_modules/which,http://github.com/isaacs/node-which,BSD;ISC,ISC,ISC,BSD
which-module,2.0.1,/home/apostolos/Documents/Computer Science/software/StudentCompanion/node_modules/which-module,https://github.com/nexdrew/which-module,ISC,ISC,,ISC
which-typed-array,1.1.15,/home/apostolos/Documents/Computer Science/software/StudentCompanion/node_modules/which-typed-array,http://github.com/inspect-js/which-typed-array,MIT,MIT,MIT,
why-is-node-running,2.2.2,/home/apostolos/Documents/Computer Science/software/StudentCompanion/node_modules/why-is-node-running,https://github.com/mafintosh/why-is-node-running,BSD;MIT,MIT,MIT,BSD;MIT
wrap-ansi,6.2.0,/home/apostolos/Documents/Computer Science/software/StudentCompanion/node_modules/cliui/node_modules/wrap-ansi,(none),MIT,MIT,MIT,
wrap-ansi,7.0.0,/home/apostolos/Documents/Computer Science/software/StudentCompanion/node_modules/wrap-ansi,chalk/wrap-ansi,MIT,MIT,MIT,
wrappy,1.0.2,/home/apostolos/Documents/Computer Science/software/StudentCompanion/node_modules/wrappy,https://github.com/npm/wrappy,ISC,ISC,ISC,
wretch,2.8.1,/home/apostolos/Documents/Computer Science/software/StudentCompanion/node_modules/wretch,https://github.com/elbywan/wretch,MIT,MIT,MIT,MIT
xml2js,0.5.0,/home/apostolos/Documents/Computer Science/software/StudentCompanion/node_modules/xml2js,https://github.com/Leonidas-from-XIV/node-xml2js,MIT,MIT,,
xmlbuilder,11.0.1,/home/apostolos/Documents/Computer Science/software/StudentCompanion/node_modules/xml2js/node_modules/xmlbuilder,(none),MIT,MIT,MIT,
xmlbuilder,15.1.1,/home/apostolos/Documents/Computer Science/software/StudentCompanion/node_modules/xmlbuilder,http://github.com/oozcitak/xmlbuilder-js,MIT,MIT,MIT,
xtend,4.0.2,/home/apostolos/Documents/Computer Science/software/StudentCompanion/node_modules/xtend,http://github.com/Raynos/xtend,MIT,MIT,MIT,MIT
y18n,4.0.3,/home/apostolos/Documents/Computer Science/software/StudentCompanion/node_modules/y18n,git@github.com:yargs/y18n,ISC,ISC,,ISC
yallist,4.0.0,/home/apostolos/Documents/Computer Science/software/StudentCompanion/node_modules/yallist,https://github.com/isaacs/yallist,ISC,ISC,ISC,
yaml,1.10.2,/home/apostolos/Documents/Computer Science/software/StudentCompanion/node_modules/yaml,github:eemeli/yaml,ISC,ISC,,ISC
yargs,15.4.1,/home/apostolos/Documents/Computer Science/software/StudentCompanion/node_modules/yargs,https://github.com/yargs/yargs,MIT,MIT,MIT,
yargs-parser,18.1.3,/home/apostolos/Documents/Computer Science/software/StudentCompanion/node_modules/yargs-parser,https://github.com/yargs/yargs-parser,ISC,ISC,,ISC
yauzl,2.10.0,/home/apostolos/Documents/Computer Science/software/StudentCompanion/node_modules/yauzl,https://github.com/thejoshwolfe/yauzl,MIT,MIT,MIT,
yocto-queue,0.1.0,/home/apostolos/Documents/Computer Science/software/StudentCompanion/node_modules/yocto-queue,sindresorhus/yocto-queue,MIT,MIT,MIT,
yocto-queue,1.0.0,/home/apostolos/Documents/Computer Science/software/StudentCompanion/node_modules/@vitest/runner/node_modules/yocto-queue,(none),MIT,MIT,MIT,
